SECTOR;JOBROLE;EMPLOYMENTYPE;Gender;##Age Group;Remote Work????;Work Hours Increase (%);Productivity Change (%);##Stress Level (1-10);job satis;##Income Change (%);Tech Tools Use Increase (%);Health Impact (1-10);###Family Work Balance Impact (1-10);Company Support Level (1-10)
Other;Staff;Part-Time;Male;55+;Often;-2.93%;36.86%;10;-7.5;9.07;25.33;9;1;4
Technology;Freelancer;Unemployed;Male;55+;Rrarely;10.45%;-35.24%;10;-4.5;-7.28;36.82;6;3;6
Retail;maNAger;Unemployed;Female;45-54;Always;-22.29%;18.19%;10;-1.5;-13.53;34.61;10;-2;8
Other;Executive;Unemployed;Female;18-24;Never;23.15%;14.46%;10;-2.5;-3.09;1;10;1;1
Finance;Executive;Part-Time;Male;18-24;Often;-13.42%;-17.08%;3;5;13.21;24.92;10;3;7
Retail;Intern;Self-Employed;Male;45-54;Never;32.55%;3.56%;1;-3;-0.69;23.6;4;-1;8
Retail;Staff;Part-Time;Other;35-44;Rrarely;5.05%;-13.15%;8;-6.5;0.39;NA;1;-4;9
OTHER;Manager;Unemployed;Other;25-34;Rrarely;6.82%;-1.29%;10;-0.5;7.23;22.06;1;-1;8
Education;Staff;Part-Time;NA;18-24; always;0.58%;25.18%;10;-4.5;-0.27;33.11;10;-2;7
Finance;maNAger;Part-Time;Other;25-34; always;5.68%;11.11%;2;0.5;-12.81;25.98;5;2;3
OTHER;ÝNTERN,;Part-Time;Other;45-54;  rarely;31.28%;9.67%;1;3;-22.45;28.68;3;-1;2
Finance;Intern;Self-Employed;Other;35-44; often;-27.32%;-12.61%;8;0.5;-14.22;43.38;5;3;3
Finance;Executive;Full-Time;Other;35-44;Never;29.15%;-33.18%;7;3;-16.05;32.89;5;3;4
Retail;Staff;Full-Time;Male;35-44;Occasionally;15.07%;-7.67%;7;0;1.59;18.89;1;-3;4
Technology;Executive;Part-Time;Female;45-54;Always;-8.11%;22.13%;4;-3.5;2.98;53.66;8;4;6
Finance;Staff;Full-Time;Other;55+;Occasionally;-6.13%;-35.04%;9;-4;-3.24;NA;5;0;7
Manufacturing;Executive;Full-Time;Male;55+;Often;35.15%;-24.10%;6;3.5;-17.69;35.27;5;0;4
Retail;Freelancer;Part-Time;Male;25-34;Always;-4.18%;1.53%;2;-3.5;12.87;48.94;9;-2;10
Education;Freelancer;Part-Time;Male;55+;Occasionally;-7.30%;-20.19%;1;6;-9.16;24.59;8;5;6
Technology;Freelancer;Unemployed;Other;55+;Often;27.06%;-16.35%;1;NA;1.03;13.36;1;4;9
Manufacturing;Freelancer;Full-Time;Other;35-44;Never;15.08%;-12.97%;9;-5;-4.51;27.05;3;-3;6
Manufacturing;Manager;Self-Employed;Female;35-44;Often;-4.07%;-29.31%;4;-2.5;-2.91;38.49;7;-5;3
Education;Freelancer;Part-Time;Other;25-34;Always;13.25%;-21.98%;5;4;0.68;36.4;1;1;1
Technology;ÝNTERN,;Unemployed;Other;18-24;Rarely;-5.39%;NA;3;4;-11.96;31.23;1;-1;10
Retail;ÝNTERN,;Self-Employed;Male;25-34;Never;26.51%;-28.15%;4;4.5;8.05;28.27;5;4;10
Healthcare;Manager;Full-Time;Female;25-34;NA;25.92%;-35.96%;8;-4.5;-20.8;14.88;9;1;5
Technology;Freelancer;Unemployed;Other;45-54;Always;17.98%;-14.60%;4;2.5;-15.39;40.23;6;-5;10
Education;Freelancer;Part-Time;Other;45-54;Rarely;15.42%;10.14%;9;-6;7.92;2.22;10;2;10
Manufacturing;Freelancer;Self-Employed;NA;25-34;Often;36.42%;-8.44%;9;-5;0.9;33.76;2;-3;3
Retail;Executive;Part-Time;Male;25-34;Rrarely;10%;-12.29%;6;-4.5;20.4;21.27;9;1;8
Technology;Staff;Full-Time;Other;25-34;ALWAYS;-7.73%;-0.11%;2;-3.5;-4.32;44.92;6;-3;10
Healthcare;Executive;Self-Employed;Female;55+;ALWAYS;16.74%;-39.91%;10;-6.5;12;29.27;5;-3;1
Healthcare;Staff;Full-Time;Female;45-54;Rrarely;41.29%;6.39%;7;1;-23.57;20.79;5;4;2
Finance;Freelancer;Full-Time;Male;25-34;Often;-5.22%;3.17%;9;1;-19.14;2.84;3;3;3
Finance;Freelancer;Unemployed;Male;35-44;Rarely;4.58%;-11.19%;6;-4.5;3.96;30.58;6;-4;3
Other;Executive;Part-Time;Other;35-44;Always;16.25%;18.62%;3;2;-22.4;39.12;4;-2;8
Education;Executive;Self-Employed;Male;55+;Always;9.19%;-26.05%;7;-2;-6.97;40.87;10;0;5
Technology;Staff;NA;Other;55+;Occasionally;-4.73%;20.06%;5;-3;6.67;15.07;2;-3;8
Technology;Intern;Full-Time;Female;18-24;Occasionally;26.83%;2.59%;1;5;0.01;33.98;3;4;6
Other;Staff;Self-Employed;Female;18-24;Never;44.80%;-8.23%;3;1;-4.89;36.53;9;4;2
Manufacturing;Executive;Full-Time;Other;18-24;Always;12.94%;-2.90%;5;5;-9.49;38.15;9;1;4
Manufacturing;Executive;Unemployed;Male;55+;Occasionally;-3.56%;-5.65%;7;-6;-2.98;36.5;6;1;9
OTHER;maNAger;Unemployed;Female;55+;Rarely;-13.23%;22.91%;3;0;0.77;16.29;10;-1;4
Manufacturing;Executive;Unemployed;Male;55+;Often;13.87%;-24.53%;6;0.5;-11.61;34.23;10;-3;5
Finance;Manager;Unemployed;Female;35-44;Rarely;26.56%;-17.75%;5;-2;-1.28;9.69;9;-4;5
Technology;Intern;Full-Time;o ;55+;Often;17.13%;20.23%;1;4;5.78;42.88;4;-2;10
Other;Staff;Self-Employed;o;35-44;Occasionally;9.96%;-16.91%;10;1.5;-7.22;31.6;5;-2;8
Technology;Staff;Self-Employed;o ;18-24;Never;1.16%;15.01%;6;-1.5;-4.32;7.81;10;5;6
Healthcare;Manager;Self-Employed;Female;18-24;Rarely;-6.38%;29.99%;8;1.5;-0.16;16.98;6;2;10
Finance;Staff;Self-Employed;Male;18-24;Rarely;22.52%;-8.54%;1;5;0.51;25.61;9;2;7
Retail;NA;Part-Time;Male;25-34;Rarely;23.71%;12.63%;2;4.5;3.78;34.24;5;-1;6
Finance;Freelancer;Self-Employed;Male;25-34;Often;-13.19%;-25.07%;4;-4.5;-15.14;49.8;8;0;5
Other;Manager;Part-Time;Female;45-54;Occasionally;33.85%;NA;2;-2.5;-10.29;28.66;1;2;5
Retail;Staff;Part-Time;Female;45-54;Rarely;18.61%;-0.51%;9;-5;-9.92;11.35;5;-5;3
Healthcare;Manager;Unemployed;Female;45-54;Rarely;30.99%;4.46%;10;-4.5;-14.04;27.38;10;-1;7
Other;Manager;Part-Time;Female;25-34;Never;-10.13%;-16.91%;8;2.5;-22.98;37.85;1;-2;10
Education;Freelancer;Full-Time;Female;25-34;Never;-10.49%;-37.22%;8;1.5;-37.54;3.77;10;-2;5
Technology;Executive;Part-Time;Male;45-54;Occasionally;7.77%;8.07%;4;4.5;6.95;20.45;6;5;7
Healthcare;maNAger;Unemployed;Female;45-54;Occasionally;17.54%;-43.77%;5;0;-20.54;36.11;7;-4;2
Technology;Staff;Part-Time;Female;55+;Always;36.95%;-8.35%;4;-4.5;10.67;41.54;5;4;9
Manufacturing;Intern;Full-Time;Male;45-54;Never;20.59%;14.32%;9;1;2.39;14.55;1;-5;8
Education;Manager;Full-Time;Female;55+;ALWAYS;6.36%;2.84%;2;1.5;-9.06;42.2;6;0;5
Education;maNAger;Full-Time;Male;35-44;Often;-5.40%;34.97%;8;-3.5;1.16;44.78;NA;1;2
Healthcare;Freelancer;Unemployed;Male;25-34;Always;28.45%;19.50%;2;-0.5;-0.75;39.02;5;-1;6
Education;Executive;Unemployed;Other;45-54;Rarely;-4.47%;-13.58%;1;-1;-16.02;23.14;6;2;8
Retail;Intern;Self-Employed;Other;25-34;Always;34.43%;-4.45%;10;-1.5;-5.15;45.89;10;3;7
Education;Staff;Unemployed;Other;25-34;Occasionally;5.73%;-2.45%;3;-2;-14.8;27.29;7;5;8
Technology;Intern;Full-Time;Other;25-34;Often;33.86%;-36.14%;9;-6;1.54;46.43;7;5;4
Technology;Staff;Full-Time;Female;35-44;Rarely;20.18%;-20.31%;3;5;-12.15;45.27;2;-4;3
OTHER;Executive;Unemployed;Other;18-24;Always;7.95%;-15.72%;9;0;-5.97;31.07;3;5;7
Technology;Staff;Part-Time;Male;45-54;Often;2.21%;-44.22%;7;-3;NA;22.5;6;-2;2
Other;Freelancer;Unemployed;FeMALE;18-24;Often;4.89%;-4.05%;10;-0.5;-3.78;38.72;3;5;5
Technology;Freelancer;Unemployed;Other;18-24;Rarely;16.42%;-5.48%;1;-3;11.63;12.14;2;3;7
Retail;Freelancer;Full-Time;Male;18-24;ALWAYS;NA;-38.46%;10;-3.5;-7.41;26.97;4;-1;1
Other;Freelancer;Self-Employed;NA;25-34;Often;1.09%;5.58%;5;3;7.18;14.51;5;-3;4
Finance;Intern;Full-Time;Female;55+;Often;7.52%;9.82%;9;-7;-0.2;31.18;10;0;2
Manufacturing;Executive;Self-Employed;Other;25-34;Never;11.18%;3.04%;3;6;9.18;19.67;9;-3;6
Healthcare;Staff;Full-Time;Female;25-34;Often;-21.93%;-10.98%;9;-4;-8.38;29.83;3;-1;1
Technology;Staff;Unemployed;Male;18-24;Never;16.87%;9.33%;5;0;1.96;33.9;3;-3;7
Education;Freelancer;Full-Time;Female;25-34;Always;-4.70%;9.10%;9;2;-5.59;53.16;6;0;3
Technology;Freelancer;Full-Time;Male;18-24;Always;-7.30%;1.15%;10;-0.5;-34.89;59.29;5;4;1
Education;Manager;Full-Time;Female;55+;Always;-15.31%;-19.49%;6;-3.5;-15.9;40.47;6;-1;8
Manufacturing;Executive;Unemployed;Other;45-54;Occasionally;-16.91%;1.03%;9;-3;0.82;41.84;7;3;7
Manufacturing;InterN;Unemployed;Male;18-24;Always;-10.33%;20.41%;7;0;0.16;43.09;3;-3;2
Manufacturing;Staff;Unemployed;Female;55+;Often;-0.64%;-15.43%;7;-6;-17.95;37.08;5;0;7
Education;Manager;Unemployed;Female;45-54;Rarely;39.30%;37.96%;8;-0.5;-2.8;20.33;8;2;3
Technology;NA;Self-Employed;Female;35-44;Never;2.11%;-14.01%;7;4;0.03;-2.63;4;1;9
Manufacturing;Staff;Self-Employed;Male;18-24;NA;12.67%;-3.85%;9;0;-5.35;36.37;10;0;8
Retail;Intern;Part-Time;Male;18-24;ALWAYS;16.01%;-17.95%;9;0;2.29;51.54;2;-4;5
OTHER;Manager;Unemployed;Male;35-44;ALWAYS;11.97%;1.47%;6;2.5;0.93;24.74;4;1;7
Education;Manager;Self-Employed;OTHER;35-44;Rarely;8.84%;-38.34%;7;-1;-5.35;24.9;2;2;3
Education;Executive;Full-Time;OTHER;18-24;Rarely;-7.93%;-11.92%;2;1.5;-10.11;34.92;3;-5;1
Technology;Intern;Unemployed;Male;35-44;Occasionally;31.76%;-26.34%;9;-6;5.43;26.41;4;3;1
Education;Manager;Part-Time;Female;25-34;Never;37.11%;2.21%;1;-1;-0.37;31.93;4;-2;2
Education;InterN;Part-Time;Other;45-54;Always;-15.24%;19.39%;1;0;-18.81;NA;10;2;8
Manufacturing;Staff;Part-Time;Male;45-54;Occasionally;-5.36%;11.42%;3;-1;-2.79;24.75;9;4;1
Technology;Freelancer;Full-Time;FeMALE;45-54;Often;5.80%;-50.43%;6;1.5;-16.51;47.5;10;1;5
Manufacturing;Manager;Self-Employed;Other;25-34;Often;-4.47%;38.34%;5;-5;-14.65;25.66;6;4;9
OTHER;Executive;Full-Time;Female;35-44;Occasionally;17.59%;4.91%;2;5.5;-11.52;22.75;9;1;9
OTHER;Staff;Unemployed;Female;55+;Always;-0.92%;-20.03%;9;-4;-4.55;31.04;4;-4;2
Manufacturing;Intern;Part-Time;Female;35-44;Occasionally;42.48%;-1.86%;10;2.5;-1.26;18.57;9;-5;7
Other;Staff;Full-Time;Female;18-24;Always;27.86%;1.52%;4;5.5;-9.09;41.53;9;-2;1
Technology;Manager;Full-Time;NA;45-54;Rarely;13.19%;-15.34%;4;5.5;-8.65;19.87;6;-4;3
Healthcare;Intern;Self-Employed;Other;35-44;Occasionally;25.40%;1.46%;5;-2;-10.03;34.89;5;2;6
Manufacturing;Freelancer;Self-Employed;Other;55+;Always;26.59%;-16.15%;8;-6.5;5.48;22.65;3;4;9
Retail;Staff;Part-Time;Male;18-24;Occasionally;1.54%;-13.09%;10;-5.5;-33.53;18.77;5;1;10
Retail;Manager;Full-Time;Other;25-34;Occasionally;-2.24%;-15.73%;4;-0.5;-8.09;30.52;3;2;2
Education;Executive;Full-Time;Female;25-34;Always;11.17%;-31.15%;5;0;10.45;54.7;5;5;7
Other;ÝNTERN,;Self-Employed;Other;55+;Always;22.92%;0.92%;4;3.5;0.17;43.79;5;0;4
Retail;Staff;Full-Time;Female;18-24;Never;12.09%;8.71%;6;2.5;7.67;14.11;2;-5;2
Education;Staff;Full-Time;Male;45-54;NA;NA;8.80%;3;4;-25.34;15.1;9;3;3
Healthcare;Freelancer;Full-Time;Female;35-44;Often;-2.04%;12.40%;8;3.5;-17.42;28.52;7;0;6
Technology;Freelancer;Self-Employed;Female;18-24;Occasionally;8.89%;3.49%;6;-5.5;0.14;29.58;6;4;10
Technology;Executive;Part-Time;Female;25-34;Occasionally;8.87%;-15.65%;10;0.5;10.51;6.42;5;-5;9
Technology;Executive;Unemployed;Male;55+;Always;39.59%;14.29%;5;2;-16.41;27.87;4;-5;8
Retail;Manager;Part-Time;Other;55+;Occasionally;-10.79%;-28.15%;2;-2.5;-8.88;22.62;NA;2;10
Healthcare;Manager;Unemployed;Other;35-44;Occasionally;17.58%;-23.01%;10;2.5;-0.99;27.43;2;0;9
Retail;Executive;Full-Time;Male;55+;Often;32.34%;-24.28%;10;-7.5;NA;34.46;8;2;4
Other;Executive;Part-Time;Female;55+;Always;44.07%;18.10%;7;-6;0.22;33.89;1;2;4
Retail;InterN;Unemployed;Other;18-24;Occasionally;3.93%;17.86%;2;1.5;-31.76;35.06;10;5;9
Healthcare;Freelancer;Self-Employed;Male;45-54;Rarely;17.37%;9.25%;1;5;-0.08;26.25;1;2;8
Healthcare;Manager;Self-Employed;Other;35-44;Never;18.55%;17.94%;7;0;-14.95;16.3;3;4;2
Other;Freelancer;Part-Time;Male;18-24;Often;12.93%;-20.09%;5;-1;-9.48;41.44;5;1;8
Healthcare;Freelancer;Part-Time;Female;45-54;Occasionally;8.52%;6.47%;1;7;1.52;35.62;6;1;1
Healthcare;Executive;Full-Time;Other;18-24;Rarely;16.54%;-4.50%;4;-3.5;-0.53;10.46;4;4;9
Technology;Intern;Part-Time;Male;18-24;Occasionally;-27.98%;14.94%;4;-4.5;-5.08;29.68;7;-2;9
Other;Staff;Full-Time;Other;55+;Occasionally;20.23%;-7.30%;10;-6.5;4.69;38.9;7;3;8
Finance;ÝNTERN,;Full-Time;Other;45-54;Always;11.89%;-11.20%;7;-6;-22;50.57;2;-4;5
Finance;ÝNTERN,;Self-Employed;Other;35-44;Always;6.66%;6.32%;9;-5;-2.96;43.71;2;5;5
Healthcare;Freelancer;Self-Employed;Other;35-44;Always;40.70%;16.52%;2;1.5;-12.9;37.67;2;3;3
Finance;Intern;Unemployed;Male;45-54;Rarely;-0.12%;-13.87%;1;4;4.18;29.21;2;4;5
Finance;Manager;Self-Employed;Female;55+;Occasionally;3.95%;-2.22%;2;-1.5;1.87;38.08;9;-3;4
Healthcare;Free_lancer;Self-Employed;Male;25-34;Never;39.87%;-24.67%;7;3;2.23;21.16;5;-4;1
Finance;Manager;Part-Time;Male;18-24;Often;-2.48%;NA;10;0.5;11.45;37.29;8;-2;9
Retail;Staff;Self-Employed;Male;55+;Always;1.75%;1.01%;6;3.5;6.26;37.5;5;-1;10
Education;Freelancer;Unemployed;Female;45-54;Always;7.79%;10.18%;4;-0.5;-6.57;26.63;5;-4;4
Other;Staff;Part-Time;Other;18-24;Occasionally;22.61%;4.74%;1;3;-5.01;28.26;1;-5;3
Education;Freelancer;Unemployed;Other;35-44;Occasionally;13.12%;-39.49%;1;4;1.01;23.23;6;4;6
Healthcare; Executive;Self-Employed;Other;25-34;Rarely;-9.39%;-9.52%;5;-3;-3.64;18.26;NA;5;1
Technology;Intern;Unemployed;Female;35-44;NA;2.02%;-44.87%;1;-2;2.05;39.34;3;-1;5
Other;Executive;Part-Time;Other;45-54;NA;0.89%;23.89%;7;-5;-27.3;49.52;6;3;7
Healthcare;Staff;Full-Time;Female;18-24;Occasionally;8.84%;-22.22%;1;1;13.81;13.07;2;-1;2
Technology;Intern;Unemployed;Other;45-54;Never;16.39%;24.61%;1;-3;-4.39;9.15;8;5;10
Education;Freelancer;Unemployed;Other;NA;Often;16.27%;17.92%;2;-2.5;-21.22;31.36;1;4;9
Healthcare;Intern;Part-Time;Male;55+;Occasionally;-16.64%;-23.01%;10;0.5;-14.14;23.59;9;3;6
Other;Manager;Part-Time;Female;25-34;Occasionally;25.96%;-24.16%;3;2;-26.29;33.17;8;4;2
Other;Intern;Unemployed;Male;55+;Rarely;13.79%;6.51%;1;2;-15.9;12.56;1;0;8
Manufacturing;Manager;Self-Employed;Male;55+;Often;30.77%;-21.39%;9;1;-6.42;44.59;10;-3;8
Retail;Intern;Unemployed;Male;45-54;Always;16.66%;-2.95%;10;-1.5;10.15;39.56;9;-2;1
Finance;Manager;Part-Time;Female;25-34;Occasionally;26.52%;-13.66%;8;3.5;-0.89;26.59;2;-2;1
Technology;Staff;Full-Time;Female;18-24;Always;17%;-38.12%;5;-1;-2.67;39.86;3;-5;1
Manufacturing;Executive;Full-Time;NA;18-24;Occasionally;30.19%;-45.61%;2;4.5;-16.35;25.82;2;-3;4
Finance;Freelancer;Self-Employed;Male;35-44;Always;17.83%;2.03%;5;0;-13.24;19.69;8;-3;4
Finance;Intern;Unemployed;Other;18-24;Often;8.53%;-14.23%;6;-0.5;-12.47;35.12;2;-5;8
Healthcare;Executive;Full-Time;Male;45-54;Rarely;44.09%;-11.56%;1;7;-12.06;21.79;10;3;1
Finance; Freelancer;Unemployed;Female;55+;Often;23.34%;11.92%;4;-1.5;-8.52;25.46;2;5;10
Retail;Freelancer;Part-Time;Female;55+;Never;18.61%;18.97%;9;-7;-7.76;30.97;1;-5;3
Other;Manager;Full-Time;Female;55+;Rarely;NA;-6.45%;2;0.5;-8.39;31.69;7;3;1
Manufacturing;Staff;Self-Employed;Male;25-34;Often;-9.32%;-9.31%;5;5;-11.71;59.39;2;-5;9
Finance;Staff;Part-Time;Female;18-24;Never;14.39%;9.50%;1;5;-3.65;28.35;10;-4;10
Healthcare;Executive;Self-Employed;Male;45-54;Occasionally;12.18%;-29.14%;4;2.5;-8.14;23.57;5;-4;9
Retail;Staff;Part-Time;Other;25-34;Occasionally;0.79%;2.46%;4;2.5;-20.96;20.94;5;0;7
Education;Intern;NA;Male;35-44;Always;12.11%;8.04%;6;-1.5;-4.66;35.06;3;1;8
Other;Staff;Self-Employed;Other;45-54;Rarely;33.83%;8.60%;10;0.5;-6.17;18.33;3;5;1
Other;Executive;Self-Employed;Male;45-54;Occasionally;20.43%;-43.24%;9;-5;-20.8;31.09;3;-5;5
Manufacturing;Staff;Part-Time;Other;45-54;Rarely;-7.12%;-16.73%;3;-2;-10.91;9.61;6;-3;2
Other;Intern;Self-Employed;Female;55+;Occasionally;8.33%;-22.07%;9;-7;0.97;36.47;4;-4;1
Finance;Manager;NA;Other;45-54;Always;-2.07%;-1%;6;2.5;-16.36;40.91;3;2;3
Healthcare;Executive;Part-Time;Female;18-24;Often;4.18%;6.11%;7;-1;-17.42;40.32;2;3;7
Other;NA;Part-Time;Female;45-54;Always;3.80%;24.93%;10;-6.5;-8.25;28.56;3;-4;1
Other;NA;Part-Time;Other;55+;Never;2.84%;-10.90%;2;3.5;1.23;22.47;4;-4;2
Education;Manager;Full-Time;Male;45-54;Occasionally;-8.83%;-14.95%;10;0.5;13.1;42.99;6;4;2
Education;Freelancer;Part-Time;Male;35-44;Never;8.09%;19.99%;6;2.5;1.59;11.39;4;3;4
Technology;Freelancer;Unemployed;Male;35-44;Never;1.59%;2.93%;6;-4.5;5.85;11.12;8;-2;3
Retail;Manager;Self-Employed;Male;55+;Rarely;-33.94%;24.35%;2;-2.5;-1.53;32.12;3;-1;3
Finance;Executive;Unemployed;Male;18-24;Occasionally;40.79%;4.77%;2;2.5;-11.85;20.31;3;5;10
Other;Intern;Full-Time;Female;18-24;Never;26.33%;-24.14%;2;6.5;1.52;17.67;3;3;5
Other; Intern;Unemployed;Male;25-34;Often;4.36%;-31.66%;10;-4.5;-5.86;49.76;8;0;3
Healthcare;Staff;NA;Female;55+;Never;10.28%;-31.53%;1;-3;-1.23;11.26;4;4;7
Technology;Executive;Unemployed;Female;45-54;NA;-7.57%;10.74%;5;2;-14.46;50.44;1;3;5
Retail;Freelancer;Full-Time;Female;55+;Rarely;35.44%;19.77%;8;-5.5;-0.34;21.64;2;3;4
Technology;Manager;Part-Time;Other;25-34;Never;38.46%;35.99%;2;-1.5;-6.21;8.79;10;1;3
Manufacturing;Staff;Unemployed;Other;55+;Always;12.35%;14.36%;5;-1;-2.69;46.04;2;4;4
Retail;Intern;Full-Time;Female;55+;Rarely;25.35%;19.26%;8;-4.5;-5.85;26.08;3;3;2
Other;Freelancer;Full-Time;Other;NA;Often;12.63%;-16.60%;10;-1.5;-7.77;35.13;6;-1;1
Other;Freelancer;Self-Employed;Male;18-24;Rarely;-10.05%;-25.63%;5;1;-0.15;17.31;8;-1;3
Retail;Manager;Self-Employed;Male;45-54;Never;3.82%;16%;2;-2.5;-9.06;21;1;2;2
Other;Intern;Unemployed;Female;25-34;Occasionally;11.98%;6.85%;3;2;-20.89;9.32;9;4;1
Finance;Executive;Part-Time;Male;35-44;Occasionally;NA;-0.85%;6;4.5;-23.74;32.19;1;-2;1
Retail;Freelancer;Full-Time;Female;18-24;Often;6.72%;5.25%;5;0;-3.16;47.97;10;3;2
Technology;Manager;Unemployed;Female;35-44;Often;8.63%;4.46%;4;4.5;-9.47;17.35;2;1;9
Retail;Executive;Full-Time;Male;18-24;Occasionally;8.79%;23.68%;4;3.5;-22.29;25.93;3;1;5
Other;Intern;Full-Time;Other;45-54;Often;10.78%;23.40%;5;3;-3.93;26.25;7;-3;9
Finance;Freelancer;Part-Time;Male;45-54;Rarely;-5.91%;9.88%;2;-2.5;-5.94;9.89;9;-2;8
Finance;Executive;Part-Time;Male;55+;Always;-0.76%;12.42%;9;-1;-10;19.47;3;1;6
Manufacturing;Executive;Unemployed;Female;35-44;Always;-9.27%;9.28%;2;0.5;-2.53;28.19;8;5;1
Technology;Executive;Part-Time;Female;18-24;Rarely;24.67%;-14.22%;10;-2.5;8.15;22.58;9;5;10
Education;Freelancer;Part-Time;Female;45-54;Always;-21.58%;14.13%;2;-3.5;7.85;51.49;10;-1;5
Education;Freelancer;Unemployed;Female;25-34;Never;27.30%;-32.89%;10;-1.5;-3.56;4.77;7;-3;1
Retail;Staff ;Part-Time;Other;45-54;Rarely;30.80%;16.58%;9;-2;-5.85;27.94;4;-5;7
Manufacturing;Intern;Self-Employed;Other;25-34;Often;5.47%;-25.39%;3;-1;-3.42;37.2;4;1;10
Healthcare;Manager;Full-Time;Other;18-24;Rarely;-29.05%;0.72%;10;-7.5;-1.91;41.72;4;0;8
Retail;Executive;Full-Time;Female;45-54;Occasionally;4.58%;-20.40%;7;NA;-7.68;35.71;6;4;8
Manufacturing;NA;Full-Time;Female;45-54;Often;9.04%;9.07%;4;-1.5;-3.25;41.29;4;1;7
Technology;Manager;Full-Time;Female;18-24;Occasionally;-5.16%;-3.68%;6;-4.5;-20.74;36.99;5;-4;2
Technology;Staff;Unemployed;Other;45-54;Often;2.27%;-33.90%;4;2.5;-4.19;25.76;9;-2;5
Technology;Freelancer;Full-Time;Female;25-34;Always;32.95%;3.41%;10;-6.5;-0.23;34.27;7;-4;4
Technology;Executive;Full-Time;Male;45-54;Rarely;19.97%;-15.06%;7;-2;-9.9;36.17;8;2;5
Technology;Manager;Full-Time;Male;35-44;Never;-3.87%;17.12%;1;7;-5.95;-0.51;5;1;10
Manufacturing;Manager;Full-Time;Female;55+;Often;-13.96%;-1.47%;3;1;-16.12;28.18;5;-5;9
Manufacturing;Manager;Self-Employed;Male;25-34;Often;5.09%;6.41%;3;6;-17.5;21.69;7;-4;4
Finance;Manager;Full-Time;Male;35-44;Occasionally;6.80%;-19.65%;1;4;-2.89;32.34;8;-4;8
Education;Manager;Self-Employed;Other;18-24;Always;17.44%;-14.79%;6;4.5;-12.3;35.78;9;-2;8
Other;Staff ;Unemployed;Female;25-34;Occasionally;1.97%;-13.67%;9;-7;-22.77;36.26;2;-3;2
Technology;Executive;Part-Time;Female;55+;Occasionally;17.67%;13.13%;8;-6.5;-16.12;28.91;3;-5;6
Healthcare;Freelancer;Full-Time;Other;55+;NA;39.03%;30.05%;7;-3;-14.66;24.54;2;-4;5
Other;Freelancer;Part-Time;Male;18-24;Never;22.23%;-21.10%;10;-3.5;2.75;5;10;5;2
Manufacturing;Freelancer;Part-Time;NA;18-24;Occasionally;9.28%;17.54%;8;1.5;-3.21;29.94;7;3;10
Healthcare;Freelancer;Unemployed;Female;25-34;Occasionally;7.25%;-46.39%;6;4.5;-13.72;22.29;2;-5;4
Healthcare;Staff;Part-Time;Male;45-54;Often;4.65%;-28.38%;9;-1;-10.88;29.67;2;3;7
Healthcare;Intern;Self-Employed;Other;18-24;Always;27.71%;-20.68%;3;2;8.12;49.38;2;1;1
NA;Executive;Part-Time;Other;45-54;Rarely;0.59%;-32.05%;10;-0.5;4.36;32.59;4;-4;9
Manufacturing;NA;Part-Time;Female;35-44;Never;10.68%;-36.67%;10;-3.5;-16.18;37.98;1;-4;10
Healthcare;Intern;Part-Time;Other;55+;Never;10.77%;3.76%;9;-3;6.64;16.84;2;-1;1
Technology;Freelancer;Full-Time;Other;45-54;Always;2.47%;-6.28%;4;-4.5;-5.81;33.59;3;-1;5
Retail;Intern;Full-Time;Female;55+;Often;-10.59%;4.09%;7;2;3;39.18;7;-2;7
Healthcare;Executive;Self-Employed;Other;45-54;Often;14.84%;9.31%;9;-2;-6.63;29.39;10;4;8
Finance;Manager;Self-Employed;Other;35-44;Always;9.08%;4.31%;2;4.5;6.86;34.72;1;4;2
Other;Manager;Full-Time;Other;18-24;Often;17.50%;12.16%;2;-1.5;-16.6;32.98;6;-3;4
Manufacturing;Executive;Self-Employed;Male;35-44;Never;2%;-5.89%;9;-3;-7.55;36.53;3;-2;2
Finance;Executive;Full-Time;Female;18-24;Never;28.31%;-25.24%;3;-3;7.16;27.04;3;4;4
Healthcare;Freelancer;Unemployed;Female;18-24;Rarely;-3.15%;16.66%;9;2;-28.93;33.09;4;-2;6
Manufacturing;Manager;Part-Time;Female;55+;Always;35.68%;-14.28%;5;-1;-5.46;56.08;4;-4;6
Retail;Intern;Part-Time;Male;35-44;occasionally;-16.21%;-21.71%;6;1.5;-8.94;39.03;7;-1;2
Healthcare;NA;Self-Employed;Male;45-54;occasionally;16.52%;-4.56%;2;6.5;1.85;18.69;3;-1;4
Finance;Staff;Full-Time;Female;35-44;Rarely;17.13%;-22.26%;8;-5.5;5.7;33.87;8;-1;4
NA;Executive;Full-Time;Male;55+;Rarely;-1.93%;-12.85%;9;0;2.3;35.14;8;5;1
Technology;Freelancer;Self-Employed;Female;18-24;Often;16.37%;5.88%;2;-0.5;-2.59;41.52;7;5;2
Other;STAFF ;Full-Time;Male;55+;Rarely;29.19%;3.97%;6;3.5;-4.59;23.05;2;4;3
Finance;Manager;Unemployed;Other;25-34;Rarely;-23.25%;-20.96%;6;3.5;-8.43;30.46;5;-5;5
Manufacturing;Executive;Part-Time;Other;25-34;occasionally;17.54%;-13.75%;8;-6.5;-2.9;29.8;6;0;8
Healthcare;Intern;Self-Employed;Female;45-54;Often;-27.40%;16.49%;10;-3.5;9.6;25.22;10;5;6
Technology;Executive;Self-Employed;Male;55+;Rarely;-4.48%;7.43%;5;-5;-13.31;17.7;4;-4;3
Healthcare;Intern;Full-Time;Male;45-54;Rarely;34.44%;37%;9;-1;-9.02;32.04;10;1;6
Manufacturing;Executive;Self-Employed;Other;45-54;Often;1.27%;23.10%;1;4;-5.76;25.94;5;-2;7
Healthcare;Executive;Unemployed;NA;25-34;Always;-7.61%;18.39%;9;-5;5.01;31.88;9;-1;6
Education;Executive;Full-Time;Male;45-54;Often;7.03%;-32.76%;10;-5.5;-2.77;42.53;7;-1;10
Technology;Intern;Full-Time;Male;25-34;Occasionally;NA;11.78%;7;0;4.83;31.34;2;-1;6
Technology;Intern;Full-Time;Male;18-24;Always;-17.48%;-3.06%;4;-1.5;5.34;45.77;1;-4;1
Manufacturing;Executive;Full-Time;Male;55+;Never;-5.77%;-12.52%;3;-2;0.92;7.71;2;-1;3
Other;STAFF ;Unemployed;Male;45-54;Often;32.46%;-1.64%;10;-0.5;-15.64;40.49;3;-3;7
Education;Freelancer;Full-Time;Male;25-34;occasionally;37.87%;15.90%;6;-3.5;11.61;23.4;2;-2;4
Finance;Freelancer;Self-Employed;Female;35-44;Always;8.45%;9.52%;1;3;9.12;29.83;3;-4;4
Healthcare;Freelancer;Unemployed;Male;45-54;Often;-8.59%;-19.07%;3;-3;-4.36;29.95;10;-2;7
Retail;Intern;Part-Time;Other;18-24;Rarely;41.44%;13.85%;2;6.5;-18.82;38.62;9;3;9
Healthcare;Intern;Part-Time;Female;18-24;NA;33.92%;-17.25%;9;3;-20.6;31.36;4;2;2
Healthcare;Staff;Self-Employed;Male;35-44;Never;20.18%;2.83%;3;-4;-2.46;42.01;9;5;9
Finance;Freelancer;Self-Employed;Other;25-34;Often;-2.19%;-7.07%;2;1.5;-12.02;14.38;3;-3;3
Healthcare;Freelancer;Unemployed;Female;45-54;Always;9.26%;-6.38%;4;2.5;-22.17;24.54;1;-5;6
Education;Executive;Part-Time;Other;25-34;Always;7.59%;14.32%;2;-3.5;-20.79;53.24;5;-5;4
Education;Intern;Part-Time;Male;18-24;Often;14.96%;-21.30%;1;6;-9.7;50.76;10;0;1
Technology;free ;Part-Time;Male;25-34;Always;31.77%;35.90%;6;2.5;-3.05;31.37;10;-3;9
Manufacturing;Staff;Part-Time;Male;18-24;Rarely;23.19%;-41.42%;10;-5.5;9.06;25.69;2;-2;6
Other;Staff;Part-Time;Male;25-34;Often;-6.16%;-15.95%;8;-4.5;-0.16;42.12;4;-5;8
Retail;Freelancer;Full-Time;Female;35-44;Rarely;30.65%;2.40%;10;-4.5;-8.81;NA;2;2;2
Healthcare;Intern;Self-Employed;Female;55+;Rarely;14.70%;6.69%;10;2.5;-1.2;26.5;2;-5;7
Healthcare;STAFF ;Full-Time;Other;35-44;Occasionally;20.31%;-3.01%;2;NA;-2.09;30.11;3;-1;6
Finance;Executive;Part-Time;Male;35-44;Often;32%;-5.65%;9;1;2.4;20.19;5;0;2
Manufacturing;Staff;Unemployed;Other;55+;Always;-6.67%;6.71%;3;6;-5.4;36.55;4;-4;2
Education;Manager;Unemployed;Female;55+;Rarely;9.46%;-8.62%;8;-4.5;5.36;25.12;2;1;4
Retail;Manager;Part-Time;Male;45-54;occasionally;2.03%;23.86%;8;2.5;3.24;31.03;10;1;4
Technology;Intern;Part-Time;Male;45-54;Often;-13.52%;15.29%;3;-1;-4.17;17.69;2;-5;3
Education;free ;Unemployed;Female;35-44;Often;15.20%;15.96%;3;-4;-6.19;42.54;6;-2;8
Manufacturing;Intern;Full-Time;Female;35-44;Never;47.67%;-22.32%;6;-2.5;4.2;21.29;7;-2;7
Other;Intern;Full-Time;Female;18-24;Never;-17.60%;-2.09%;1;-3;-12.13;9.45;10;-1;2
Technology;Intern;Part-Time;Female;18-24;Rarely;9.52%;-8.01%;4;-0.5;-20.07;42.99;6;-5;3
Other;Intern;Full-Time;Female;45-54;Never;19.61%;-20.61%;1;1;-20.12;16.53;7;-5;10
Finance;Executive;Unemployed;Male;45-54;Rarely;11.85%;5.70%;3;6;-12.96;22.18;1;1;9
Finance;Executive;Full-Time;Female;18-24;Always;8.30%;-15.25%;9;-1;1.6;46.42;6;3;5
Healthcare;Staff;Part-Time;Male;18-24;Rarely;-9.49%;10.61%;5;NA;-9.23;43.84;3;-5;2
Other;Manager;Unemployed;Male;25-34;Never;13.49%;-23.90%;5;-2;-2.95;26.81;1;-4;3
Manufacturing;Intern;Full-Time;Female;25-34;Always;-1.35%;32.38%;4;1.5;-9.95;48.26;8;0;8
Retail;STAFF ;Self-Employed;Female;18-24;Never;-22.85%;-19.43%;3;-1;-9.87;9.98;4;0;4
Technology;Manager;Unemployed;Male;25-34;Rarely;27.92%;1.89%;5;-3;-15.25;25.87;10;-4;2
Education;Freelancer;Unemployed;Female;55+;Occasionally;24.38%;13.84%;4;0.5;-5.92;24.68;8;3;2
Manufacturing;Executive;Self-Employed;Female;45-54;Often;10.77%;-15.41%;8;-3.5;-6.75;42.04;10;-2;6
Manufacturing;Manager;Self-Employed;Female;45-54;Never;13.44%;15.05%;4;-2.5;-0.87;27.97;4;1;8
Finance;Freelancer;Unemployed;Other;18-24;Rarely;26.11%;-28.58%;8;1.5;-2.12;41.33;4;0;7
Other;Manager;Self-Employed;Male;35-44;Always;13.37%;26.04%;6;-1.5;-6.97;18.42;10;5;4
Healthcare;Executive;Part-Time;Other;18-24;Never;23.56%;-2.22%;5;1;-20.06;13.69;NA;5;2
Healthcare;Executive;Part-Time;Female;25-34;Never;5.54%;-13.93%;4;0.5;5.71;33;6;-3;9
Technology;Staff;Part-Time;Other;35-44;Often;29.68%;-7.98%;4;4.5;-5.85;20.98;9;2;4
Finance;Intern;Unemployed;Female;25-34;Rarely;14.81%;14.18%;4;-0.5;-4.2;33.06;5;1;9
Manufacturing;Manager;Self-Employed;Other;55+;Occasionally;12.91%;-16.19%;9;-1;11;41.34;10;3;5
Retail;Manager;Self-Employed;Female;25-34;Always;-9.05%;-16.99%;4;5.5;4.08;39.72;8;-3;7
Finance;Freelancer;Full-Time;Other;55+;Rarely;14.30%;-8.93%;9;-2;-0.54;10.79;8;-5;5
Technology;Executive;Full-Time;Other;55+;Always;-2.48%;-28.54%;10;1.5;-5.02;38.78;4;-4;2
Technology;Manager;Self-Employed;Other;25-34;Never;0.43%;33.41%;6;NA;-5.12;34.59;10;5;6
Finance;Executive;Self-Employed;Male;25-34;Often;-2.23%;-16.33%;10;-5.5;-2.6;50.39;9;-5;7
Technology;Manager;Self-Employed;Other;55+;Often;-5.99%;13.13%;7;-5;-0.93;37.08;9;5;6
Finance;STAFF ;Unemployed;Male;35-44;Occasionally;41.87%;-0.81%;10;-5.5;12.11;20.23;5;-1;3
Education;Intern;Self-Employed;Female;55+;Often;29.97%;-21.19%;3;-4;19.73;52.38;6;4;10
Finance;Manager;Full-Time;Other;45-54;Never;NA;-4.12%;8;0.5;-2.1;28.21;5;-4;8
Other;Executive;Unemployed;Female;55+;Occasionally;-8.34%;14.18%;3;1;-26.53;20.88;3;-3;3
Finance;Staff;Self-Employed;Female;35-44;Rarely;11.07%;-4.27%;1;-2;-14.52;28.43;8;2;5
Technology;Manager;Full-Time;Other;45-54;Often;-9.40%;18.86%;10;-0.5;13.11;37.97;9;4;9
Other;free ;Unemployed;Male;18-24;Occasionally;-0.44%;17.93%;5;0;2.19;23.63;4;-1;NA
Technology;Intern;Self-Employed;Other;18-24;Never;-3.77%;17.38%;2;2.5;-0.74;23.48;9;-2;7
Healthcare;Manager;Self-Employed;Female;35-44;Always;NA;-14.19%;10;2.5;-6.67;51.06;9;-1;7
Healthcare;Staff;Self-Employed;Female;55+;Always;4.06%;-24.60%;6;-5.5;-16.89;37.04;7;4;5
Other;Freelancer;Unemployed;Other;25-34;Never;26.03%;-17.27%;10;-1.5;11.78;32.08;8;0;2
Education;Staff;Full-Time;Male;35-44;Never;19.06%;-0.58%;9;-5;-13.23;2.45;3;1;5
Healthcare;Staff;Full-Time;Male;45-54;Always;NA;10.42%;1;7;2.29;62.18;5;3;7
Finance;Freelancer;Part-Time;Female;45-54;Occasionally;-12.19%;-45.43%;4;2.5;-18.01;30.57;3;-5;7
Technology;STAFF ;Self-Employed;Female;18-24;Always;28.89%;-0.66%;1;2;-7.15;50.73;7;-2;4
Healthcare;Freelancer;Part-Time;Male;45-54;Never;27.20%;2.66%;1;0;4.93;22.19;6;3;1
Healthcare;Manager;Part-Time;Other;35-44;Often;-4.60%;-9.55%;8;3.5;-7.5;26.76;3;-1;6
Education;Freelancer;Full-Time;Female;45-54;Rarely;25.11%;24.83%;2;3.5;-8.68;24.64;9;2;3
Other;Freelancer;Unemployed;Male;35-44;Often;15.04%;7.94%;1;5;-4.89;15.91;1;-5;5
Other;Intern;Unemployed;Female;25-34;Often;6.59%;22.20%;8;2.5;-18.36;41.88;10;-2;4
Manufacturing;Freelancer;Full-Time;Other;18-24;Never;-2.36%;-6.32%;4;-3.5;-20.24;21.94;3;3;2
Education;free ;Unemployed;Male;NA;Always;-0.79%;17.25%;3;1;2.14;38.08;10;-5;7
Finance;Manager;NA;Female;35-44;Occasionally;40.75%;30.70%;4;-0.5;-9.22;37.53;7;-5;5
Other;Intern;Self-Employed;Other;55+;Often;10.01%;23.73%;5;-1;2.06;35.38;3;-2;7
Technology;Executive;Full-Time;Female;18-24;Always;21.73%;-22.34%;1;6;6.18;46.07;3;-3;9
Education;Manager;Self-Employed;Other;NA;Occasionally;NA;-5.57%;1;7;6.99;39.62;2;1;4
Healthcare;Manager;Unemployed;Other;35-44;Often;-1.70%;-8.40%;3;-2;-21.21;29.51;9;5;5
Technology;Executive;Self-Employed;Male;25-34;Occasionally;26.23%;6.79%;6;1.5;-11.98;21.65;4;-3;9
Technology;Freelancer;Unemployed;Other;25-34;Always;-10.24%;13.23%;1;4;0.38;22.77;10;-5;10
Healthcare;Staff;Unemployed;Female;45-54;Rarely;3.77%;-17.78%;2;0.5;0.53;26.23;NA;5;4
Education;Intern;Part-Time;Other;45-54;Always;NA;-2.14%;7;1;17.49;44.52;2;4;5
Healthcare;Staff;Unemployed;Other;35-44;Never;11.67%;-40.90%;1;6;-14.08;6.76;9;-4;5
Manufacturing;Executive;Part-Time;Male;55+;Occasionally;7.31%;25.34%;7;1;6.68;44.2;7;4;8
Technology;Manager;Part-Time;Other;35-44;Rarely;15.94%;-12.25%;4;-2.5;-1.28;16.78;10;-2;4
Retail;Manager;Part-Time;Other;55+;Occasionally;20.39%;-3.88%;10;-6.5;-21.4;8.96;5;-5;4
Retail;Intern;Full-Time;Female;25-34;Occasionally;21.02%;-9.19%;6;2.5;-10.48;44.95;7;-5;7
Finance;Manager;Full-Time;Male;18-24;Often;-4.79%;18.92%;8;-5.5;-2.37;15.27;4;2;5
Other;Manager;NA;Male;35-44;Never;5.74%;-61.25%;9;1;-22.04;29.64;10;1;6
Healthcare;Intern;Part-Time;Male;35-44;Occasionally;27.92%;-3.33%;6;-2.5;-25.74;37.21;7;2;6
Healthcare;Intern;Full-Time;Other;55+;NA;23.42%;-6.62%;9;-6;-22.61;43.2;2;-2;6
Finance;Executive;Part-Time;Male;25-34;Always;-10.59%;-11.07%;4;4.5;-2.41;34.77;7;0;10
Finance;Manager;Self-Employed;Other;25-34;Often;15.27%;31.52%;6;-5.5;-9.85;40.03;4;-3;5
Finance;Manager;Self-Employed;Other;55+;Never;-19.67%;-21.75%;8;-3.5;-11.2;30.48;4;5;5
Technology;Executive;Self-Employed;Female;25-34;Never;10.70%;10.94%;9;1;-10.86;10.14;1;2;9
Manufacturing;free ;Unemployed;Female;45-54;Always;38.47%;5.63%;3;4;-19.24;49.76;3;-2;8
Healthcare;Freelancer;Part-Time;Female;18-24;Rarely;-4.22%;24.23%;2;-0.5;-9.56;34.31;5;-3;4
Technology;Freelancer;Self-Employed;Female;35-44;Often;-2.51%;-16.34%;6;2.5;-23.2;37.93;5;-2;7
Finance;Executive;Full-Time;Female;18-24;Often;21.46%;-16.66%;4;0.5;6.88;29.62;2;0;8
Healthcare;Manager;Self-Employed;Other;35-44;Always;-13.14%;21.42%;1;-3;11.92;49.35;4;5;9
Technology;Executive;Self-Employed;Other;45-54;Always;0.51%;4.51%;8;2.5;-28.26;45.08;1;1;5
Manufacturing;Executive;Self-Employed;Male;25-34;Rarely;18.95%;-35.40%;9;-2;NA;14.84;9;1;3
Technology;Freelancer;Unemployed;Other;55+;Rarely;0.49%;-15.29%;9;1;-9.04;21.33;1;-2;4
Manufacturing;Staff;Full-Time;Other;45-54;Never;6.46%;6.73%;2;-2.5;-6.74;28.19;6;2;10
Finance;Manager;Part-Time;Female;18-24;NA;21.16%;12.26%;9;-2;5.02;36.15;7;1;6
Manufacturing;Freelancer;Full-Time;Other;55+;Often;16.32%;-17.08%;7;-5;-9.66;45.86;3;-4;10
Healthcare;Staff;Part-Time;Female;25-34;Always;14%;-60.79%;5;-2;-5.88;36.58;1;2;5
Finance;Staff;Unemployed;Male;45-54;Never;4.91%;6.96%;7;1;24.79;10;7;3;9
Healthcare;Intern;Unemployed;Male;55+;Often;15.55%;-28.91%;9;-1;-6.11;56.94;3;-1;3
Retail;Manager;Unemployed;Other;45-54;Never;8.14%;-44.35%;8;3.5;12.66;3.19;10;-2;2
Education;Staff;Unemployed;Male;45-54;Never;16.87%;-59.65%;6;2.5;0.02;15;6;-2;6
Manufacturing;Freelancer;Part-Time;Other;25-34;Always;2.55%;14.28%;4;1.5;-10.54;42.8;6;-2;7
Education;Intern;Self-Employed;Male;35-44;Never;7.26%;2.07%;1;-3;-12.21;NA;4;0;5
Education;Manager;Part-Time;Female;55+;Rarely;-4.85%;-7.51%;6;-4.5;-5.07;31.46;6;5;1
Manufacturing;Executive;Full-Time;Female;25-34;Rarely;9.47%;26.28%;3;1;-16.26;48.11;10;-2;3
Finance;free ;Unemployed;Female;45-54;Occasionally;-2.17%;9.75%;6;0.5;-13.64;28.82;4;1;3
Retail;Staff;Unemployed;Female;25-34;Always;-6.71%;29.33%;6;-3.5;-9.23;31.27;8;1;4
Healthcare;Staff;Full-Time;Other;35-44;Occasionally;13.88%;-29.85%;4;3.5;-2.07;27.8;9;-1;10
Technology;Freelancer;Part-Time;Male;55+;Rarely;13.19%;-1.69%;2;2.5;13.26;21.8;2;-1;6
Healthcare;Staff;Self-Employed;Other;35-44;Occasionally;21.74%;-36.83%;9;-2;-9.85;29.32;7;4;5
Technology;Intern;Self-Employed;Female;18-24;Always;3.53%;-5.59%;2;1.5;-0.38;30.18;9;2;1
Healthcare;Manager;Full-Time;Other;55+;Always;16.12%;NA;3;-4;-21.28;47.84;9;1;6
Manufacturing;Intern;Self-Employed;Male;35-44;Never;18.26%;7.53%;10;-3.5;5.6;23.71;5;1;9
Retail;Staff;Part-Time;Other;45-54;Often;16.67%;0.41%;1;6;-22.22;22.36;1;0;1
Technology;Executive;Part-Time;Male;55+;Never;-2.38%;8.97%;7;-4;2.98;29.68;6;1;8
Other;Manager;Full-Time;Other;55+;Always;12.24%;13.57%;1;3;-5.81;31.89;8;1;8
Finance;Manager;Part-Time;Male;25-34;Rarely;15.46%;38.60%;9;2;-6.21;13.17;1;4;3
Healthcare;Freelancer;Unemployed;Male;45-54;Rarely;10.11%;-6.81%;1;-1;-8;25.87;2;-4;9
Healthcare;Freelancer;Full-Time;Female;18-24;Never;-21.30%;-21.32%;5;-1;-18.01;2.42;1;4;8
Technology;Executive;Part-Time;Male;35-44;Always;12.41%;1.42%;7;0;-17.48;45.9;5;-4;3
Finance;Manager;Full-Time;Female;25-34;Rarely;43.19%;-17.55%;3;-2;NA;-3.39;2;4;10
Finance;Executive;Self-Employed;Female;35-44;Always;NA;25.14%;9;2;-4.88;29.71;10;1;5
Manufacturing;Freelancer;Part-Time;Female;18-24;Rarely;-0.92%;-9.66%;8;-5.5;-8.08;40.75;10;4;3
Other;Freelancer;Unemployed;Other;18-24;Always;15.60%;-12.81%;3;1;-0.57;33.13;4;1;5
Manufacturing;Manager;Part-Time;Other;55+;Occasionally;14.69%;-11.93%;5;2;-3.99;24.88;1;1;9
Manufacturing;Intern;Full;Other;18-24;Always;27.89%;10.87%;7;-3;-12.93;52.74;7;-1;4
Manufacturing;Staff;Full-Time;Other;35-44;Always;-8.87%;-5.15%;4;3.5;19.61;32.07;8;-5;6
Manufacturing;free ;Part-Time;Male;45-54;Never;20.97%;-15.33%;5;2;2.41;27.63;5;-4;3
Manufacturing;Freelancer;Unemployed;Male;45-54;Occasionally;18.86%;31.81%;3;2;-3.73;41.74;2;3;3
Retail;Intern;Unemployed;Other;55+;Often;7.87%;-21.62%;9;-1;-10.14;39.79;8;2;5
Finance;Intern;Unemployed;Male;35-44;Never;15.08%;-4.29%;NA;-5.5;4.53;5.55;1;2;8
Manufacturing;Executive;Full-Time;Male;NA;Often;25.44%;8.55%;NA;-2;-12.88;28.96;7;4;8
Finance;Executive;Part-Time;Female;18-24;Rarely;23.08%;-36.13%;NA;-2;-13.72;52.14;1;-5;3
Finance;Staff;Self-Employed;Female;35-44;NA;-7.15%;4.61%;10;-7.5;11.93;30.09;6;0;8
Education;Staff;Full;Female;25-34;Always;22.30%;-22.10%;2;6.5;-4.69;69.86;6;3;8
Retail;Manager;Unemployed;Female;18-24;Often;9.03%;12.96%;7;-4;-12.63;52.09;5;2;3
Manufacturing;Executive;Part-Time;Male;25-34;Never;11.09%;-22.75%;7;-6;-4.94;25.19;2;-3;10
Healthcare;Freelancer;Unemployed;Other;55+;Never;11.10%;11.36%;5;-2;3.5;22.97;2;-2;10
Technology;Executive;Self-Employed;Male;45-54;Often;7.75%;17.62%;9;2;1.21;30.35;9;-3;2
Other;Freelancer;Unemployed;Male;55+;Never;27.88%;15.73%;3;-2;4.74;19.11;5;0;10
Healthcare;Intern;Unemployed;Male;45-54;Never;8.74%;3.03%;4;5.5;-17.5;13.11;5;3;2
Retail;Executive;Self-Employed;Female;55+;Often;-6.79%;-5.13%;1;0;4.49;34.36;7;2;9
Technology;Intern;Part-Time;Female;35-44;Occasionally;4.10%;-14.53%;6;2.5;-6.79;16.38;6;4;7
Retail;Staff;NA;Female;25-34;Occasionally;12.68%;27.42%;4;-2.5;-4.11;15.84;2;-2;6
Finance;Staff;Part-Time;Other;45-54;Rarely;28.44%;-14.49%;1;2;7.09;38.01;1;-4;7
Technology;Manager;Self-Employed;Male;18-24;NA;19.05%;-21.74%;2;1.5;2.03;3.88;5;2;8
Finance;Executive;Unemployed;Other;25-34;Often;-2.76%;11.81%;3;2;-1.49;43.86;4;2;1
Healthcare;Intern;Part-Time;Female;18-24;Never;47.28%;-20.42%;9;1;-24.84;1.06;3;5;8
Healthcare;Freelancer;Full-Time;Other;25-34;Always;13.97%;-23%;8;-0.5;-5.46;46.3;2;0;3
Technology;Staff;Self-Employed;Male;25-34;Never;29.13%;-32.37%;7;-6;-12.85;17.92;10;2;3
Technology;Staff;Part-Time;Male;55+;Never;7.72%;-11.66%;4;2.5;2.11;33.21;2;3;6
Manufacturing;Freelancer;Full;Female;45-54;Occasionally;18%;-2.15%;1;1;4.91;26.68;4;-5;4
Retail;Intern;Self-Employed;Female;45-54;Often;22.59%;NA;8;1.5;-8.02;14.9;2;3;4
Manufacturing;Intern;Full-Time;Other;25-34;Never;28.27%;17.03%;4;4.5;-11.67;18.12;4;-4;4
Retail;Executive;Self-Employed;Female;35-44;Occasionally;25.86%;9.04%;3;0;10.56;31.6;3;-5;10
Manufacturing;Executive;Unemployed;Female;35-44;Rarely;23.08%;-8.32%;9;-3;-11.03;23.68;9;2;9
Finance;Manager;Part-Time;Male;18-24;Occasionally;5.27%;-8.96%;10;-6.5;-16.95;35.75;7;2;8
Technology;Staff;Full;Female;18-24;Occasionally;1.42%;8.20%;4;5.5;-13.33;24.36;3;5;NA
Healthcare;Executive;Self-Employed;Female;55+;Occasionally;14.99%;23.45%;4;-2.5;-10.55;17.37;NA;NA;NA
Retail;Intern;Full;Male;25-34;Never;24%;-1.97%;9;2;-13.61;10;NA;NA;NA
Retail;free ;Full;Male;18-24;Never;6.66%;-10.38%;2;4.5;3.45;14.84;NA;NA;NA
Healthcare;Intern;Part-Time;Other;18-24;Rarely;25.98%;-22.36%;5;1;-26.98;19.76;NA;NA;NA
Manufacturing;Staff;Unemployed;Female;25-34;Always;31.79%;-30.90%;4;-4.5;-13.83;64.06;4;-1;6
Retail;Intern;Full;Male;55+;Always;-3.74%;8.83%;9;-5;-5.47;52.55;5;4;4
Other;Manager;Self-Employed;Other;18-24;Always;-2.55%;9.06%;5;-4;-2.9;46.87;8;-2;3
Finance;Staff;Self-Employed;Other;55+;Rarely;7.89%;7.05%;9;-7;11.92;29.46;3;-3;8
Technology;Freelancer;Unemployed;Female;45-54;Always;14.61%;-7.07%;9;1;10.45;43;2;-5;8
Healthcare;Manager;Self-Employed;Female;55+;Always;2.13%;27.14%;2;3.5;-21.01;43.05;3;-1;6
Technology;Staff;Unemployed;Other;35-44;Occasionally;30.28%;-14.18%;9;-3;-24.08;31.63;7;4;9
Other;Freelancer;Self-Employed;Male;35-44;Never;16.36%;17.61%;3;6;-4.75;20.4;8;2;10
Retail;Manager;Part-Time;Other;55+;Never;10.59%;-2.77%;4;-3.5;-11.73;-0.92;1;3;1
Retail;Manager;Full;Female;NA;Occasionally;-11.54%;-12.67%;1;-3;-16.92;26.31;7;1;8
Other;Staff;Part-Time;Male;45-54;Occasionally;-9.74%;11.35%;1;3;-4.84;27.6;9;5;6
Healthcare;Executive;Full;Male;25-34;NA;14.22%;7.69%;NA;7;-2.69;22.51;3;-5;1
Finance;Manager;Full;Other;35-44;Never;-21.99%;2.64%;9;3;-13.39;14.44;NA;-5;4
Education;Manager;Full;Female;35-44;Always;25.19%;-2.37%;8;-5.5;-11.24;43.01;8;-5;5
Healthcare;free ;Part-Time;Other;55+;Occasionally;7.63%;-3.26%;5;-5;-12.62;37.68;4;-4;7
Education;Intern;Full;Other;45-54;Rarely;58.65%;45.27%;5;-4;-9.11;27.99;8;-5;8
Other;Staff;NA;Other;25-34;Occasionally;44.62%;19.19%;9;-1;0.41;37.42;5;-2;9
Manufacturing;Staff;Unemployed;Male;55+;Often;7.28%;12.96%;3;2;-15.78;42.6;3;4;6
Education;Executive;Self-Employed;Male;55+;Occasionally;8.40%;0.74%;3;5;-11.41;27;4;3;10
Finance;Executive;Self-Employed;Female;45-54;Never;NA;16.64%;7;-1;-8.99;25.25;4;-2;9
Manufacturing;Staff;Full-Time;Female;25-34;Occasionally;35.55%;5.86%;9;-3;-5.07;12.54;8;-2;4
Education;Executive;Part-Time;Other;45-54;Often;-14.57%;-2.48%;6;-3.5;-2.24;31.16;NA;1;8
Other;Freelancer;Self-Employed;Other;25-34;Rarely;-16.80%;-7.07%;2;NA;15.42;19.98;7;5;3
Manufacturing;Staff;Part-Time;Other;45-54;Always;0.67%;-2.12%;1;7;0.72;55.31;9;3;4
Other;Executive;Part-Time;Female;55+;Occasionally;18.74%;-64.41%;2;4.5;0.96;33.37;6;1;10
Education;Staff;Full-Time;Male;55+;Often;17.45%;3.71%;1;0;-7.67;21.66;NA;-5;4
Other;Intern;Self-Employed;Male;18-24;Often;26.05%;-14.77%;10;0.5;-14.8;40.95;3;-5;6
Finance;Manager;Full-Time;Other;35-44;Rarely;-8%;26.85%;10;-4.5;-10.28;34.1;3;-2;9
Education;Staff;Full-Time;Other;45-54;Never;-24.74%;-4.11%;9;-6;-12.1;19.1;10;-2;6
Education;Manager;Self-Employed;Other;18-24;Occasionally;22.87%;-28.78%;10;-4.5;-1.08;36.9;2;-5;1
Education;Executive;Self-Employed;Other;35-44;Often;-2.42%;-5%;8;-1.5;-21.51;10.04;1;0;5
Healthcare;Manager;Unemployed;Female;45-54;Rarely;-20.28%;-24.42%;7;-1;0.93;-1.99;10;4;9
Healthcare;Staff;Unemployed;Male;25-34;Always;12.18%;7.97%;3;0;-6.17;28.21;1;-4;5
Healthcare;Intern;parttime;Other;35-44;Often;21.90%;1.82%;8;-6.5;2.33;36.49;4;5;6
Finance;Executive;Self-Employed;Female;55+;Rarely;8.17%;18.16%;2;-1.5;-12.24;40.32;3;-1;3
Manufacturing;Staff;Unemployed;Other;18-24;Never;3.13%;-16.82%;2;0.5;-14.01;8.74;NA;2;8
Other;Executive;parttime;Other;35-44;Never;7.61%;-4.32%;10;-2.5;-9.07;11.46;9;-3;10
Retail;Freelancer;parttime;Male;35-44;Often;4.44%;-28.80%;3;-4;-9.31;35.89;8;3;4
Education;Manager;parttime;Other;55+;Often;-10.22%;10.53%;7;2;3.06;30.08;9;1;4
Other;Freelancer;Unemployed;Male;45-54;Occasionally;-0.72%;9.88%;1;-1;2.97;24.51;5;3;5
Education;Staff;Self-Employed;Male;25-34;Rarely;17.82%;5.92%;8;2.5;14.05;20.79;8;-5;10
Finance;Intern;Full-Time;Male;55+;Often;14.83%;-3.47%;7;-4;-9.95;48.15;4;-1;9
Education;Executive;parttime;Female;25-34;NA;12.52%;6.30%;4;5.5;-38.48;41.16;5;-3;8
Healthcare;Manager;Unemployed;NA;45-54;Occasionally;-4.93%;29.59%;5;-4;-9.09;30.23;3;-2;7
Retail;Executive;Unemployed;Male;35-44;Often;7.28%;-10.70%;10;-0.5;-2.69;51.54;NA;-2;NA
Technology;Staff;Full-Time;Other;25-34;Never;-22.66%;2.27%;1;-1;2.15;25.09;3;5;9
Education;Executive;NA;Male;18-24;Rarely;12.68%;-23.72%;4;NA;-1.96;36.54;NA;1;9
Other;Manager;Unemployed;Other;18-24;Rarely;31.43%;-17.87%;1;-2;-9.96;16.39;5;4;10
Healthcare;Staff;Self-Employed;Male;55+;Never;-12.11%;1.46%;1;3;12.14;13.46;6;5;10
Technology;Executive;Full-Time;Other;45-54;Often;1.21%;17.08%;10;-4.5;-15.34;28.36;9;2;2
Retail;Intern;Unemployed;Female;55+;Rarely;14.94%;-5.63%;1;5;-7.75;24.13;1;5;4
Technology;Staff;Full-Time;Other;55+;Often;28.79%;-8.22%;7;3;-15.8;35.6;10;4;8
Healthcare;Staff;Self-Employed;Male;55+;Often;3.28%;-11.64%;7;2;-4.8;38.24;6;-1;1
Manufacturing;Intern;Part-Time;Female;18-24;Occasionally;-0.38%;-12.70%;4;1.5;10.89;49.73;1;4;5
Manufacturing;Freelancer;Full-Time;Other;18-24;Never;-19.53%;4.90%;2;3.5;-6.41;27.21;6;1;8
Technology;Manager;Self-Employed;Other;55+;Often;11.55%;-31.45%;3;-2;-6.35;29.85;2;-3;2
Finance;Freelancer;Unemployed;Other;18-24;Always;40.63%;21.62%;8;3.5;-21.96;39.97;8;-3;2
Other;Executive;Full-Time;Other;45-54;Never;14.16%;-17.31%;8;-2.5;-7.87;35.05;3;-3;8
Other;Intern;Full-Time;Other;55+;Rarely;9.67%;11.44%;6;-4.5;6.5;32.82;10;-2;10
Technology;Freelancer;Unemployed;Female;18-24;Occasionally;14.83%;-30.40%;10;1.5;-7.5;44.92;6;0;9
Education;Staff;parttime;Female;25-34;Rarely;9.83%;8.88%;9;-1;-8.18;20.17;NA;-1;7
Education;Executive;Unemployed;Female;55+;Rarely;-2.20%;8.94%;9;0;6.06;17.88;4;2;8
Other;Executive;Full-Time;Female;55+;Never;22.35%;5.68%;4;3.5;-8.14;13.03;5;-1;5
Other;Freelancer;Unemployed;Male;45-54;Rarely;13.39%;-20.39%;1;7;7.92;20.98;2;5;1
Manufacturing;Freelancer;Self-Employed;Female;35-44;Often;10.26%;4.49%;1;7;-17.85;24.37;10;-1;4
Finance;Intern;Unemployed;Other;35-44;Rarely;-4.63%;-28.66%;10;-1.5;1.78;27.95;10;4;2
Healthcare;Manager;Full-Time;Other;45-54;Occasionally;29.55%;-7.56%;5;4;11.46;33.12;8;-4;3
Education;Freelancer;Unemployed;Female;45-54;Occasionally;19.97%;19.59%;2;5.5;5.08;43.39;10;5;3
Other;Freelancer;parttime;Other;45-54;Always;1.71%;12.93%;6;1.5;-23.67;22.4;7;5;9
Manufacturing;Staff;Unemployed;Female;35-44;Occasionally;25.03%;-3.20%;NA;2;-11.38;NA;10;-1;10
Retail;Executive;parttime;Other;45-54;Rarely;NA;-20%;1;2;-7.42;33.06;6;1;4
Manufacturing;Manager;Self-Employed;Male;18-24;Occasionally;-1.73%;9.91%;6;3.5;5.1;31.83;7;-4;2
Education;Staff;Part-Time;Male;55+;Never;-1.40%;-3.61%;8;-5.5;-18.32;20.45;1;0;3
Education;Intern;Unemployed;Female;55+;Occasionally;-16.57%;-48.91%;5;-4;-15.19;42.64;5;1;3
Manufacturing;Intern;Full-Time;Female;25-34;Often;17.07%;12.15%;7;-3;-21.05;24.9;7;-1;7
Healthcare;Freelancer;Part-Time;Female;25-34;Never;-17.47%;-5.48%;NA;0.5;-13.26;12.71;1;3;8
Technology;Freelancer;Self-Employed;Other;55+;Always;-8.43%;21.05%;6;0.5;-17.52;31.53;2;-2;6
Education;Intern;parttime;Female;18-24;Often;-21.13%;-23.91%;4;-3.5;10.98;14.87;9;4;4
Manufacturing;Freelancer;parttime;Male;NA;Rarely;8.71%;-67.03%;7;1;-11.47;26.33;NA;-5;6
Other;Manager;parttime;Other;35-44;Rarely;7.75%;0.58%;10;2.5;1.91;19.77;6;2;1
Manufacturing;Freelancer;Self-Employed;Female;18-24;Rarely;5.10%;1.33%;9;-1;-4.82;17.67;7;2;10
Manufacturing;Freelancer;Self-Employed;Female;18-24;Rarely;5.10%;1.33%;9;-1;-4.82;17.67;7;2;10
Finance;Executive;Unemployed;Other;35-44;Often;-5.64%;-38.81%;10;0.5;NA;25.87;9;1;8
Technology;Freelancer;Part-Time;Other;45-54;Often;-7.58%;-24.57%;10;-0.5;-10.91;34.82;5;2;1
Retail;Staff;Part-Time;Female;55+;Often;16.97%;51.60%;7;-4;2.7;27.01;4;-4;5
Healthcare;Manager;Full-Time;NA;55+;Never;1.74%;-8.61%;5;-5;-3.46;22.22;2;-3;2
Retail;Staff;NA;NA;18-24;Never;NA;11.12%;7;-5;-4.03;24.59;3;3;6
Technology;Staff;NA;NA;35-44;Rarely;-3.28%;-14.51%;3;-3;-10.93;22.05;5;-5;9
Technology;Executive;NA;NA;25-34;Occasionally;12.72%;-42.81%;2;-0.5;-9.3;26.38;2;2;5
Technology;Manager;NA;NA;25-34;Rarely;29.55%;-5.91%;5;0;0.89;26.85;4;2;4
Retail;Manager;NA;NA;35-44;Always;18.79%;-7.31%;NA;-1.5;-2.7;39.71;1;1;2
Other;Manager;Unemployed;Male;25-34;Never;3.81%;-10.50%;5;3;NA;33.3;4;5;3
Technology;Manager;Part-Time;Other;18-24;Often;13.86%;-6.29%;8;-3.5;-12.54;38.18;7;-1;6
Manufacturing;Manager;Unemployed;Other;18-24;Never;6.39%;3.29%;4;0.5;14.44;30.96;3;-2;8
Retail;Executive;parttime;Male;35-44;Often;10.12%;-7.50%;9;-2;-9.8;41.11;10;4;8
Technology;Freelancer;Unemployed;Other;25-34;Always;5.12%;-28.78%;7;3;-5.3;26.82;8;4;5
Manufacturing;Staff;Full-Time;Other;18-24;Always;7.53%;4.72%;10;2.5;-6.87;34.42;6;4;5
Other;Manager;Full-Time;Female;18-24;Never;13.18%;-42.49%;7;3;NA;19.52;6;4;10
Finance;Freelancer;Full-Time;Female;45-54;Often;-4.90%;-45.01%;8;-6.5;-7.91;43.68;1;0;3
Other;Freelancer;Self-Employed;Male;45-54;Always;-5.24%;11.78%;6;1.5;-8.82;59.28;5;5;7
Other;Freelancer;Self-Employed;Male;45-54;Always;-5.24%;11.78%;6;1.5;-8.82;59.28;5;5;7
Technology;Staff;Self-Employed;Male;18-24;Rarely;-10.83%;6.14%;8;-4.5;-3.82;20.16;3;-5;6
Retail;Executive;Full-Time;Male;35-44;Rarely;-14%;-2.65%;3;1;-11.94;25.55;10;-1;1
Education;Intern;Self-Employed;Female;55+;Often;-8.26%;-32.91%;10;-5.5;-3.88;43;1;-2;4
Technology;Intern;Unemployed;Male;55+;Never;12.39%;-19.16%;10;2.5;18.72;19.42;8;-2;6
Education;Freelancer;Part-Time;Male;18-24;Always;-3.39%;-5.75%;1;-2;-2;56.44;7;1;6
Manufacturing;Staff;Part-Time;Male;18-24;Never;17.70%;-34.92%;6;-1.5;-2.37;6.52;7;3;3
Finance;Intern;Part-Time;Female;18-24;Rarely;10.52%;-15.28%;1;-3;-12.18;31.78;10;2;6
Healthcare;Freelancer;Full-Time;Other;35-44;Always;-19.53%;8.55%;9;1;12.09;46.68;10;5;10
Other;Executive;Self-Employed;Male;45-54;Never;19.82%;27.55%;2;6.5;14.39;31.52;10;2;6
Finance;Intern;Unemployed;Other;18-24;Occasionally;22.16%;-9.39%;2;2.5;3.53;30.62;4;-1;9
Technology;Freelancer;Unemployed;Male;18-24;Often;-4.91%;11.63%;7;-4;1.54;43.92;6;0;9
Education;Freelancer;Full-Time;Other;25-34;Often;16.30%;-39.28%;2;-0.5;-7.35;32.51;9;-4;2
Other;Manager;unemployed;Female;35-44;Occasionally;-2.85%;8.19%;10;-2.5;-1.09;21.99;3;5;4
Education;Executive;unemployed;Female;18-24;Rarely;11.47%;-20.08%;8;-4.5;-13.35;15.53;9;-3;9
Retail;Manager;unemployed;Male;25-34;Always;-8.97%;3.15%;6;0.5;-16.26;25.59;4;-1;4
Education;Staff;unemployed;Other;55+;Often;-16.90%;-8.46%;7;-1;-19.87;30.59;5;-4;8
Retail;Manager;Self-Employed;Female;18-24;Occasionally;4.26%;22.91%;7;2;-0.89;33.11;7;-3;10
Manufacturing;Manager;unemployed;Male;18-24;Occasionally;8.14%;-20.49%;6;-1.5;-18.78;27.92;6;-2;3
Other;Intern;Part-Time;Male;25-34;Rarely;4.03%;7.55%;10;NA;-10;26.98;10;0;3
Other;Freelancer;Full-Time;Female;35-44;Rarely;-7.76%;-10.09%;9;-5;-5.61;37.35;8;-1;9
Healthcare;Executive;Self-Employed;Female;18-24;Never;4%;-7.67%;9;2;4.95;14.83;8;4;10
Technology;Manager;Unemployed;Male;55+;Often;14.04%;-7.18%;7;-6;-10.78;58.4;8;-2;8
Retail;Executive;Self-Employed;Other;18-24;Never;9.33%;-21.41%;9;-5;6.13;27.55;3;-4;1
Healthcare;Manager;Unemployed;Other;55+;Occasionally;12.74%;-5.28%;10;-5.5;4.39;28.03;10;5;10
Education;Staff;Part-Time;Other;45-54;Always;-0.05%;-2.75%;3;2;-15.71;37.8;6;-1;2
Education;Manager;Full-Time;Male;45-54;Always;27.58%;3.32%;3;2;6.23;29.92;7;-1;3
Healthcare;Intern;unemployed;Female;55+;Rarely;-7.64%;1.19%;1;-3;-7.84;24.74;9;5;2
Other;Freelancer;unemployed;Male;35-44;Always;17.31%;13.46%;5;-3;-9.99;18.38;10;1;3
Education;Staff;unemployed;Female;18-24;Always;27.73%;16.47%;4;2.5;-7.79;52.56;10;-5;8
Manufacturing;Manager;unemployed;Other;18-24;Always;17.21%;-22.01%;2;4.5;-5.04;11.83;4;-2;6
Manufacturing;Executive;Full-Time;Other;45-54;Occasionally;6.96%;12.88%;9;-1;-9.15;30.42;5;5;7
Healthcare;Staff;Full-Time;Female;55+;Always;2.08%;-25.23%;3;2;-13.4;28.56;8;-1;10
Retail;Staff;Part-Time;Female;18-24;Always;25.54%;7.76%;8;3.5;-12.51;32.99;1;2;10
Retail;Manager;Full-Time;Male;18-24;Always;-11.34%;9.39%;6;1.5;-3.61;34.28;6;2;6
Healthcare;Staff;Unemployed;Other;35-44;Never;-4.55%;-40.73%;5;0;-6.6;39.26;4;-5;1
Retail;Executive;Part-Time;Male;25-34;Occasionally;4.04%;1.36%;1;7;0.27;18.97;5;-1;3
Other;Staff;Part-Time;Male;45-54;Rarely;28.56%;-11.37%;4;-2.5;-4.48;34.14;5;4;1
Other;Executive;Part-Time;Male;45-54;Never;15.70%;-16.68%;3;-4;-4.23;31.6;2;-5;10
Retail;Manager;Unemployed;Other;25-34;Often;-4.52%;26.52%;1;3;0.93;11.62;8;-5;9
Manufacturing;Freelancer;Self-Employed;Male;18-24;Occasionally;5.35%;NA;5;-5;9.19;23.85;2;-4;9
Retail;Staff;Unemployed;Male;35-44;Occasionally;0.79%;-19.13%;6;-5.5;9.59;44.84;4;-4;5
Other;Freelancer;Full-Time;Male;35-44;Often;-0.65%;0.51%;2;4.5;8.4;21.85;5;3;4
Finance;Executive;Full-Time;Male;45-54;Often;24.68%;12.21%;3;5;3.7;46.98;1;-2;9
Technology;Staff;Unemployed;Male;35-44;Often;-10.58%;-5.83%;6;0.5;15.85;34.82;6;-3;9
Education;Intern;Unemployed;Male;25-34;Rarely;34.13%;21.33%;4;5.5;-0.62;24.39;2;5;3
Finance;Freelancer;Part-Time;Other;18-24;Always;22.42%;6.12%;9;-4;-1.74;40.69;5;-5;5
Retail;Staff;Unemployed;Male;25-34;Occasionally;26.36%;-46.06%;5;0;17.44;33.43;6;-4;3
Manufacturing;Freelancer;Part-Time;Female;55+;Always;3.06%;-12.59%;4;-4.5;-32.26;30.44;8;0;10
Healthcare;Staff;Full-Time;Male;45-54;Always;7.75%;-12.24%;2;2.5;-7.14;37.4;9;3;2
Retail;Manager;Part-Time;Male;35-44;Often;-11.50%;6.59%;6;-0.5;7.52;38.71;6;-1;1
Manufacturing;Freelancer;Unemployed;Other;55+;Rarely;2.13%;-57.50%;10;-4.5;4.8;26.77;5;-2;10
Technology;Intern;Full-Time;Other;35-44;Never;17.40%;49.98%;2;2.5;20.66;23.49;4;-1;2
Retail;Intern;Self-Employed;Female;18-24;Rarely;29.44%;7.12%;7;-4;-3.93;17.81;2;3;8
Other;Executive;Part-Time;Female;18-24;NA;-6.61%;1.48%;3;-4;-9.31;46.32;2;1;8
Healthcare;Staff;Full-Time;Other;18-24;Rarely;4.52%;19.13%;9;-4;-8.32;26.26;7;2;3
Manufacturing;Freelancer;Part-Time;Other;35-44;Often;7.73%;44.37%;5;-3;-1.82;19.19;5;-2;7
Manufacturing;Executive;Full-Time;Male;55+;Never;-10.94%;13.41%;8;-6.5;11.22;14.69;7;5;7
Manufacturing;Freelancer;Full-Time;Other;18-24;Often;18.87%;15.98%;6;-4.5;11.34;26.04;1;2;2
Technology;Staff;Part-Time;Female;55+;Never;-0.86%;-2.39%;10;2.5;-5.56;10.92;1;0;9
Retail;Intern;Self-Employed;Male;35-44;Always;7.07%;-6.83%;8;-2.5;-2.47;35.24;5;-1;3
Technology;Manager;Full-Time;Female;55+;N;3.22%;-11.02%;3;3;-11.12;26.13;2;1;2
Education;Intern;Full-Time;Male;35-44;N;-1.84%;-18.02%;3;-4;-10.07;13.73;8;0;3
Education;Executive;Full-Time;Other;35-44;N;9.89%;-16.24%;5;-2;5.46;22.25;3;-3;2
Retail;Manager;Self-Employed;Female;45-54;R ;6.77%;-32.01%;10;-4.5;11.02;25.61;1;-1;8
Other;Executive;Self-Employed;NA;35-44;R;4.42%;-3.02%;3;0;-11.97;17.21;2;3;5
Technology;Staff;Unemployed;Male;35-44;A ;-0.93%;-37.69%;8;-0.5;-2.57;36.55;10;1;3
Healthcare;Manager;Part-Time;Other;25-34;N ;14.79%;-1.18%;10;-0.5;-7.43;28.65;10;-2;5
Manufacturing;Executive;Self-Employed;Other;18-24;occasionally;34.80%;-4.73%;8;-1.5;3.64;31.5;7;1;8
Manufacturing;Staff;Part-Time;Other;45-54;A;12.10%;1.94%;2;-3.5;-8.89;45.49;6;-1;7
Retail;Intern;Unemployed;female;45-54;N ;24.94%;-12.44%;4;1.5;-24.26;32.72;8;5;6
Other;Staff;Part-Time;male;45-54;Never;-10.85%;56.54%;10;-5.5;5.04;24.35;7;-4;1
Education;Freelancer;Self-Employed;other;25-34;Rarely;12.37%;26.70%;1;2;-8.03;5.79;10;0;10
Education;Staff;Part-Time;female;35-44;Always;-6.46%;-26.89%;4;2.5;-6.99;42.71;8;1;1
Manufacturing;Staff;Self-Employed;female;18-24;Never;-12.15%;2.66%;4;1.5;-0.64;13.82;3;2;1
Retail;Freelancer;Part-Time;female;55+;Never;-1.09%;-17.16%;10;1.5;-1.47;38.1;6;0;10
Technology;Executive;Self-Employed;pther;35-44;Always;27.88%;-24.79%;9;-2;-0.44;43.99;7;2;8
Education;Executive;NA;other;25-34;Occasionally;24.25%;-28.30%;3;4;-21.3;24.03;10;1;8
Technology;Staff;Part-Time;Male;35-44;Always;13.65%;7.64%;2;4.5;0.56;45.67;1;-4;7
Other;Freelancer;Unemployed;Male;35-44;Always;-12.99%;-18.13%;9;-7;-24.09;40.91;1;0;6
Education;Freelancer;Full-Time;Other;25-34;Occasionally;7.06%;14.86%;9;-7;2.7;12.82;7;3;4
Education;Intern;Unemployed;Female;45-54;Always;14.53%;19.38%;1;-3;6.18;48.63;3;0;1
Finance;Executive;Part-Time;Female;45-54;Never;12.63%;24.48%;6;1.5;-18.69;15.94;3;-2;9
Education;Manager;Unemployed;Female;18-24;Always;-17.66%;-22.05%;10;1.5;-1.72;54.21;5;1;1
Healthcare;Executive;Self-Employed;Male;18-24;Occasionally;-3.35%;5.51%;8;-0.5;5.57;28.76;6;-3;4
Retail;Executive;Full-Time;Female;45-54;Often;9.04%;11.15%;3;-2;-9.49;49.39;2;-1;3
Retail;Intern;Part-Time;Male;55+;Always;18.04%;-13.98%;9;-6;1.74;44.25;3;-5;7
Technology;Manager;Part-Time;Male;35-44;Rarely;-22.94%;-16.44%;2;-0.5;-32.85;34.74;6;4;5
Other;Intern;Part-Time;Female;55+;Never;7.57%;29.19%;6;-3.5;5.98;15.08;3;-3;5
Education;Manager;Full-Time;Female;35-44;Never;12.15%;4.05%;1;3;-4.7;23.53;5;2;4
Healthcare;Staff;Self-Employed;Other;45-54;Rarely;22.74%;9.22%;7;3;-7.58;7.74;9;3;1
Technology;Manager;Part-Time;Other;18-24;Rarely;20.39%;-17.94%;3;3;4.84;23.73;3;3;5
NA;Intern;Unemployed;Female;18-24;Always;18.74%;-27.89%;7;-1;12.29;25.15;6;4;4
Technology;Executive;Part-Time;Male;55+;Rarely;-2%;-13.39%;4;-2.5;-0.14;13.57;5;-4;10
Technology;Manager;Part-Time;Male;18-24;Often;-18.62%;-6.98%;9;-2;11.09;26.09;5;-2;8
Education;Manager;Part-Time;Male;45-54;Occasionally;4.10%;-23.78%;5;-4;-20.53;36.6;6;-1;2
Finance;Freelancer;Part-Time;Male;55+;Rarely;25.02%;-1.70%;3;2;1.66;23.53;6;-3;8
Technology;Executive;Self-Employed;Male;35-44;Rarely;30.90%;-37.77%;8;3.5;-6.32;25.31;1;5;1
Healthcare;Staff;Unemployed;Other;18-24;Often;20.66%;-25.40%;6;3.5;-12.88;33.25;9;-5;4
Healthcare;Intern;Self-Employed;Female;25-34;Never;16.44%;12.42%;2;2.5;-24.29;30.81;5;0;3
Retail;Staff;Unemployed;Other;18-24;Never;15.69%;10.58%;3;-1;1.12;20.04;1;4;5
Finance;Executive;Part-Time;Male;35-44;Always;1.66%;-11.84%;8;0.5;3.75;42.49;8;-4;5
Finance;Manager;Full-Time;Male;55+;Often;8.05%;-25.36%;10;-4.5;8.42;29.3;7;3;5
Retail;Manager;Self-Employed;Male;35-44;Occasionally;35.04%;-24.05%;7;0;6.76;41.49;7;-5;4
Technology;Executive;Full-Time;Male;25-34;NA;-4.14%;-12.47%;10;-4.5;-12.72;42.24;5;5;8
Finance;Manager;Self-Employed;Female;45-54;Often;34.22%;9.89%;6;-1.5;7.91;34.63;1;3;3
Healthcare;Manager;Part-Time;Male;18-24;Occasionally;5.17%;18.06%;1;3;8.96;24.16;9;1;4
Healthcare;Manager;Self-Employed;Female;55+;Never;29.88%;-14.43%;9;2;-7.6;3.84;9;5;1
Education;Intern;Part-Time;Male;45-54;Occasionally;-11.10%;-24.57%;3;-2;-4.72;21.31;8;4;7
Finance;Intern;Self-Employed;Female;35-44;Occasionally;18.79%;2.86%;5;4;-14.34;8.33;5;-4;1
NA;Freelancer;Part-Time;Other;55+;Often;-1.05%;-19.97%;7;-2;9.81;25.89;3;0;2
Retail;Staff;Part-Time;Male;45-54;Often;-11.23%;-13.87%;7;4;-20.12;38.57;8;2;7
Retail;Executive;Unemployed;Female;55+;Occasionally;13.28%;25.01%;3;-2;0.35;29.5;1;-4;1
Technology;Executive;Part-Time;Other;25-34;Rarely;25.14%;14.54%;4;-0.5;-10.97;48.23;3;-1;3
Other;Executive;Unemployed;Male;25-34;Often;-2.67%;-1.84%;10;-5.5;-16.08;31.29;7;5;6
Manufacturing;Freelancer;Part-Time;Male;18-24;Always;-12.49%;-28.94%;7;4;-23.75;35.51;4;0;6
Education;Intern;Full-Time;Male;18-24;NA;8.62%;0.23%;8;2.5;-7.15;50.63;7;-3;6
Retail;Freelancer;Part-Time;Female;25-34;Never;8.69%;20.25%;2;6.5;-17.65;0.73;5;-4;2
Finance;Executive;Full-Time;Female;55+;Occasionally;18.22%;-12.01%;9;-1;-4.44;15.18;6;5;2
Education;Staff;Full-Time;Other;25-34;Rarely;24.24%;23.52%;7;-6;12.69;31.64;7;0;6
Finance;Manager;Part-Time;Female;18-24;Never;9.11%;21.85%;8;1.5;-3;18.05;10;-3;10
Other;Intern;Full-Time;Female;25-34;Occasionally;37.83%;30.27%;6;2.5;14.97;28.28;7;-4;5
Healthcare;Intern;Unemployed;Male;25-34;Often;13.36%;3.10%;6;-1.5;-14.82;25.63;7;-5;7
Education;Freelancer;Self-Employed;Male;55+;Always;4.80%;7.25%;9;1;-17.81;42.4;7;2;7
Retail;Intern;Part-Time;Male;45-54;Rarely;-14.17%;26.28%;4;4.5;-15.27;16.92;7;-5;5
Education;Executive;Full-Time;Male;18-24;Always;6.06%;6.45%;5;0;-5.65;40.73;3;-1;8
Education;Executive;Part-Time;Male;55+;Often;4.95%;-14.52%;9;-3;22.23;23.42;3;5;10
Education;Freelancer;Unemployed;Male;25-34;Occasionally;24.40%;-9.47%;1;-1;-21.62;28.18;7;0;6
Manufacturing;Executive;Part-Time;Male;25-34;Often;NA;2.77%;4;5.5;1.2;55.25;2;5;5
Education;Staff;Part-Time;Other;45-54;Often;-7.69%;-29.31%;7;4;-12;30.75;2;-3;4
Finance;Freelancer;Full-Time;Other;18-24;Always;12.58%;-7.37%;9;0;-7.24;38.68;3;1;7
Healthcare;Staff;Unemployed;Other;18-24;Rarely;20.07%;16.93%;10;-4.5;-17.58;22.97;4;-4;4
Other;Manager;Self-Employed;Other;35-44;Often;32.92%;-46.83%;6;3.5;3.79;36.75;6;1;5
Technology;Staff;Self-Employed;Male;18-24;Always;23.31%;26.69%;8;-4.5;-5.44;44.68;8;-4;5
Education;Manager;Full-Time;Other;45-54;Rarely;21.41%;17.95%;9;-2;5.87;27.57;10;-1;1
Retail;Manager;Part-Time;Male;35-44;Occasionally;10.90%;-14.20%;10;-0.5;-3.25;32.79;10;1;1
Education;Staff;Full-Time;Other;35-44;Occasionally;15.82%;8.87%;4;3.5;-24.32;28.19;7;5;3
Retail;Freelancer;Full-Time;Female;25-34;Never;28.74%;-0.44%;1;2;5.97;21;4;5;3
Finance;Executive;Full-Time;Other;25-34;Always;-9.99%;20.60%;8;-2.5;-25.13;37.86;2;-3;2
Retail;Executive;Part-Time;Other;18-24;Rarely;4.76%;18.65%;2;6.5;-23.7;6.88;2;5;2
Technology;Manager;Unemployed;Male;35-44;Often;-1.59%;-28.50%;1;-2;-14.17;61.31;4;-2;6
Healthcare;Manager;Full-Time;Other;25-34;Occasionally;15.69%;8.25%;7;-5;-14.04;37.28;6;-5;1
Retail;Freelancer;Part-Time;Female;45-54;Rarely;28.45%;-9.11%;10;0.5;8.96;15.21;3;-3;6
Retail;Intern;Unemployed;Male;25-34;Always;1.05%;-2.84%;9;-6;-6.71;42.3;6;3;5
Healthcare;Staff;Full-Time;Male;25-34;Never;-25.85%;-19.06%;9;-6;7.47;6.54;5;4;6
Technology;Manager;Self-Employed;Other;35-44;Occasionally;3.82%;33.46%;3;-2;-10.68;25.06;5;-1;5
Education;Executive;Unemployed;Male;35-44;Rarely;23.70%;17.80%;6;-3.5;-1.82;10.18;2;2;7
Retail;Freelancer;Full-Time;Male;55+;Rarely;18.06%;-18.30%;7;-3;-0.26;24.49;8;-4;1
Healthcare;Staff;Unemployed;Male;45-54;Rarely;16.42%;-31.69%;10;-1.5;1.96;9.19;5;-3;3
Finance;Freelancer;Unemployed;Male;35-44;Always;5.80%;-12.21%;9;1;-9.65;43.88;2;1;6
Healthcare;Staff;Unemployed;Male;18-24;Always;-9.19%;7.69%;2;NA;-8.78;46.82;7;4;1
Finance;Staff;Unemployed;Male;45-54;Always;17.73%;0.80%;8;-3.5;-7.98;31.73;9;-2;7
Technology;Manager;Unemployed;Female;45-54;Often;-2.51%;21.56%;7;2;-21.52;36.61;9;3;4
Education;Freelancer;Unemployed;Other;35-44;Rarely;42.76%;13.80%;4;-3.5;-5.84;16.2;1;1;3
Healthcare;Freelancer;Full-Time;Female;45-54;Occasionally;18.56%;18.39%;2;5.5;-8.84;35.12;7;5;10
Other;Executive;Self-Employed;Male;35-44;Always;1.29%;2.54%;8;3.5;0.8;33.11;9;-5;9
Other;Executive;Part-Time;Male;25-34;Always;0.83%;-30.29%;5;-5;-4.09;47.89;6;-2;1
Manufacturing;Manager;Unemployed;Other;55+;Rarely;8.61%;-6.91%;6;3.5;8.36;6.88;1;4;8
Retail;Manager;Part-Time;Female;25-34;Always;6.41%;17.70%;7;1;-4.3;29.95;2;5;1
Technology;Intern;Full-Time;Other;35-44;Often;26.75%;-6.03%;10;0.5;-10.62;23.91;4;0;5
Healthcare;Executive;Unemployed;Female;35-44;Often;12.80%;9.56%;1;3;-4.42;37.03;4;0;10
Other;Staff;Self-Employed;Male;25-34;Always;-0.97%;-10.37%;8;0.5;2.24;45.55;2;4;8
Retail;Freelancer;Part-Time;Other;18-24;Rarely;38.36%;-22.60%;4;-1.5;-22.73;27.81;8;0;6
Other;Manager;Unemployed;Other;18-24;Rarely;10.74%;-6.97%;9;-4;-12.15;19.91;2;-1;7
Healthcare;Freelancer;Full-Time;Male;18-24;Rarely;21.53%;5.68%;1;-2;-11.94;-2.95;3;-3;8
Finance;Freelancer;Self-Employed;Other;35-44;Never;0.88%;-14.11%;2;3.5;-0.89;20.39;4;-4;6
Healthcare;Intern;Part-Time;Female;45-54;Always;15.45%;-7.71%;6;4.5;0.27;47.88;9;-3;6
Manufacturing;Executive;Part-Time;Female;35-44;Rarely;14.67%;-23.79%;10;-6.5;-3.99;51.81;10;3;6
Healthcare;Manager;Unemployed;Female;45-54;Often;NA;21.88%;1;5;-29.79;30.76;1;-3;5
Healthcare;Freelancer;Self-Employed;Female;25-34;Occasionally;40.23%;-7.89%;4;-1.5;-21.52;23.35;8;-3;8
Manufacturing;Manager;Self-Employed;Male;55+;Occasionally;29.36%;25.06%;8;-6.5;-7.39;33.2;5;-5;2
Technology;Staff;Self-Employed;Other;45-54;Rarely;4.04%;25.57%;10;-4.5;-10.01;22.44;7;-4;7
Healthcare;Intern;Self-Employed;Female;18-24;Occasionally;-6.53%;-4.12%;5;-3;-4.95;42.75;8;5;4
Manufacturing;Staff;Full-Time;Male;35-44;Occasionally;15.21%;-24.67%;9;-2;-9.69;21.92;5;-3;1
Retail;Manager;Self-Employed;Other;25-34;Never;11.30%;-44.72%;6;0.5;10.32;17.51;8;-4;5
Finance;Manager;Part-Time;Other;18-24;Often;15.34%;-29.94%;1;4;-27.94;43.76;10;2;3
Finance;Executive;Part-Time;Male;25-34;Often;12.87%;-30.48%;6;-4.5;-1.97;38.08;8;0;4
Healthcare;Freelancer;Full-Time;Male;55+;Never;17.59%;24.57%;6;-0.5;3.28;31.61;9;1;7
Technology;Freelancer;Part-Time;Female;35-44;Never;31.71%;-0.68%;6;-0.5;2.02;15.63;2;-5;5
Technology;Staff;Part-Time;Other;35-44;Occasionally;18.52%;3.79%;8;2.5;2.87;42.63;3;0;4
Retail;Intern;Self-Employed;Other;55+;Always;-5.74%;-47.41%;6;-1.5;4.31;23.36;1;-4;1
Healthcare;Freelancer;Part-Time;Male;35-44;Occasionally;30.44%;-26.46%;5;4;-11.04;13.76;4;0;6
Finance;Executive;NA;Other;45-54;Never;34.61%;16.74%;2;5.5;-16.01;32.79;5;-3;10
Technology;Staff;Self-Employed;Female;25-34;Often;57.28%;3.74%;4;1.5;-25.35;35.07;1;1;6
Healthcare;Staff;Unemployed;Other;18-24;Occasionally;-6.85%;-7.94%;10;-5.5;-8.63;39.21;8;-3;7
Other;Executive;Self-Employed;Male;55+;Always;13.64%;8.80%;5;-2;-12.78;40.99;2;3;1
Technology;Intern;Full-Time;Male;45-54;Occasionally;-21.23%;27.72%;10;1.5;6.62;29.93;1;-3;4
Manufacturing;Executive;Self-Employed;Female;18-24;Rarely;18.30%;-6.42%;4;3.5;-7.88;11.72;2;1;9
Other;Intern;Self-Employed;Female;18-24;Occasionally;1.78%;0.39%;2;-0.5;-15.3;29.73;5;-2;10
Technology;Executive;Full-Time;Other;55+;Never;38.85%;0.35%;7;-4;-16.89;33.62;9;2;6
Finance;Executive;Self-Employed;Other;45-54;Often;-1.62%;42.84%;10;-6.5;14.89;35.57;9;-4;2
Education;Manager;Full-Time;Male;18-24;Often;-15.34%;-46.99%;10;-3.5;-5.22;41.82;2;2;4
Other;Staff;Full-Time;Female;18-24;Never;2.93%;12.66%;2;-0.5;-12.82;26.54;2;3;6
Retail;Executive;Unemployed;Female;45-54;Rarely;-19.63%;-2.80%;1;4;-3.76;14.87;3;2;4
Retail;Executive;Part-Time;Female;35-44;Never;21.27%;8.84%;5;1;13.97;28.57;7;0;10
Finance;Freelancer;Part-Time;Other;18-24;Occasionally;-20.98%;-13.65%;1;2;-8.9;26.86;3;4;7
Technology;Staff;Self-Employed;Female;25-34;Never;10.43%;-1.48%;1;7;1.87;17.4;1;-5;3
Healthcare;Freelancer;Self-Employed;Male;45-54;Never;-21.17%;13.73%;1;-2;6.86;40.98;6;1;6
Technology;Staff;Unemployed;Male;18-24;Rarely;5.20%;59.26%;6;-3.5;-23.91;30.97;3;-5;4
Finance;Freelancer;Unemployed;Other;55+;Occasionally;34.65%;11.66%;9;2;-11.38;23.61;1;1;3
Retail;Executive;Unemployed;Other;25-34;Always;15.41%;-21.96%;10;0.5;5.61;40.65;4;-4;3
Technology;Executive;Full-Time;Female;18-24;Always;-2.95%;-8.98%;1;5;-11.99;40.37;1;2;2
Retail;Manager;Unemployed;Other;25-34;Often;9.53%;-11.57%;5;-1;-0.85;51.86;1;-4;3
Other;Freelancer;Unemployed;Male;25-34;Never;10.27%;-40.41%;9;-5;-12.58;20.39;2;-3;10
Healthcare;Intern;Self-Employed;Female;35-44;Often;17.09%;-11.10%;9;-6;-9.46;57.08;10;-3;1
Other;Manager;Unemployed;Male;25-34;Rarely;-10.50%;14.16%;1;4;-10.67;12.03;8;-5;3
Retail;Freelancer;Full-Time;Female;35-44;Always;18.89%;-29.48%;8;-1.5;1.37;39.68;2;-1;9
Retail;Freelancer;Full-Time;NA;NA;Never;-30.57%;20.47%;1;6;-2.98;12.37;2;-1;4
Education;Manager;Self-Employed;NA;NA;Rarely;0.55%;5.76%;8;3.5;-4.01;20.05;10;4;3
Education;Executive;Unemployed;Female;55+;Rarely;2.68%;-15.18%;1;3;20.07;20.27;10;-1;8
Other;Freelancer;Unemployed;Male;18-24;Never;19.50%;-5.33%;5;-5;12.4;12.89;8;3;1
Manufacturing;Executive;Full-Time;Male;45-54;Rarely;10.34%;27.97%;8;-6.5;-24.81;42.3;6;0;5
Other;Manager;Unemployed;Female;45-54;Never;-11.08%;11.67%;6;3.5;-9.43;34.23;4;0;1
Education;Executive;Unemployed;Other;55+;Never;-4.77%;-4.32%;9;-6;19.26;24.03;3;-3;7
Retail;Staff;Unemployed;Other;35-44;Occasionally;12.98%;-5.25%;1;6;-10.75;25.26;1;-1;5
Finance;Intern;Part-Time;NA;NA;Often;8.81%;-2.97%;9;-5;15.88;28.17;3;4;2
Other;Freelancer;Self-Employed;Other;35-44;Rarely;1.31%;-10.74%;1;-3;-9.26;32.42;9;1;1
Retail;Intern;Part-Time;Male;25-34;Rarely;2.79%;-47.09%;10;-3.5;-7.34;28;5;-3;7
Finance;Executive;Self-Employed;Other;35-44;Occasionally;20.44%;35.84%;10;-5.5;3.64;28.55;6;-4;1
Finance;Freelancer;Full-Time;Female;45-54;Occasionally;2.23%;1.61%;3;-4;-5.9;35.41;5;-1;3
Education;Executive;Unemployed;Male;18-24;Occasionally;8.68%;7.46%;1;4;-0.05;38.91;1;-3;6
Other;Staff;Self-Employed;Male;35-44;Always;42.55%;-2.66%;3;6;10.75;38.46;10;-1;6
Technology;Manager;Part-Time;Female;18-24;Always;-11.36%;-15.70%;2;1.5;2.59;32.13;1;3;7
Healthcare;Freelancer;Unemployed;Male;18-24;Always;-17.78%;-4.72%;2;4.5;-3.58;26.79;4;5;1
Education;Staff;Full-Time;Other;25-34;Never;21.75%;-36.49%;9;-5;11.74;22.51;3;4;7
Education;Staff;Self-Employed;Other;25-34;Rarely;-0.18%;41.54%;8;1.5;3.77;46.67;8;-5;2
Technology;Freelancer;Self-Employed;Male;45-54;Often;5.23%;-25.19%;1;5;-12.34;23.89;7;-2;6
Healthcare;Executive;Self-Employed;Other;55+;Never;-1.72%;-22.64%;4;-4.5;14.8;30.99;7;4;8
Retail;Staff;Unemployed;Male;18-24;Rarely;6.10%;-9.31%;1;-1;1.42;18.24;8;-1;5
Manufacturing;Intern;Part-Time;Female;55+;Rarely;33.98%;25.26%;1;2;-7.14;20.26;10;-4;10
Other;Staff;Part-Time;Male;45-54;Occasionally;22.03%;-1.71%;4;2.5;-25.21;39.15;7;-4;3
Manufacturing;Executive;Self-Employed;Female;18-24;Occasionally;22.93%;-25.72%;2;-0.5;-18.78;27.45;10;-5;8
Retail;Executive;Full-Time;Other;18-24;Never;-11.24%;23.59%;3;0;12;22.48;2;2;8
Education;Intern;Full-Time;Female;55+;Occasionally;-7.27%;10.12%;9;1;12.4;32.29;4;-4;4
Healthcare;Staff;Part-Time;Other;35-44;Rarely;-32.59%;9.77%;2;1.5;-4.15;18.26;6;-3;8
Education;Executive;Full-Time;Male;25-34;Occasionally;-2.14%;12.31%;4;1.5;-22.7;38.95;3;-4;5
Finance;Freelancer;Part-Time;Other;35-44;Always;24.35%;47.39%;1;3;-15.87;39.38;3;-2;5
Education;Manager;Self-Employed;Male;55+;Occasionally;17.75%;42.70%;2;-0.5;-21.24;16.11;6;-5;3
Education;Manager;Part-Time;Male;25-34;Rarely;6.68%;-16.23%;5;-2;-21.6;16.08;1;-3;7
Retail;Manager;Part-Time;Female;35-44;Never;9.67%;27.48%;10;-4.5;15.27;-11.17;1;-1;9
Retail;Staff;Self-Employed;Female;25-34;Often;-0.33%;7.16%;1;7;15.6;35.52;5;4;9
Retail;Intern;Full-Time;Female;18-24;Occasionally;13.07%;6.48%;7;-2;-16.21;43.04;1;-5;1
Manufacturing;Executive;Part-Time;Female;35-44;Rarely;21.49%;-35.85%;4;-0.5;-5.09;14.53;10;-2;1
Finance;Freelancer;Part-Time;Other;25-34;Often;-14.24%;-6.41%;6;1.5;-17.85;40.86;8;0;10
Retail;Freelancer;Self-Employed;Other;25-34;Often;14.49%;-20.26%;8;1.5;-5.15;39.31;2;-2;5
Healthcare;Staff;Full-Time;Other;25-34;Always;23.99%;13.56%;6;-4.5;11.39;32.48;6;1;1
Manufacturing;Manager;Part-Time;Male;35-44;Often;3.77%;20.42%;2;6.5;5.79;50.37;10;1;4
Technology;Staff;Self-Employed;Other;45-54;Rarely;20.51%;-41.99%;1;3;3.09;22.27;10;0;1
Healthcare;Intern;Part-Time;Other;35-44;Rarely;52.22%;-4.44%;8;-6.5;-6.94;45.1;5;3;2
Other;Intern;Unemployed;Other;55+;Occasionally;8.43%;18.44%;8;-6.5;7.62;13.64;10;-4;2
Other;Executive;Self-Employed;Female;35-44;Occasionally;15.90%;-8.23%;9;-4;1.47;27.31;4;4;4
Healthcare;Executive;Full-Time;Other;25-34;Occasionally;-1.07%;11.58%;6;3.5;-0.96;28.5;1;2;8
Retail;Intern;Full-Time;Male;18-24;Often;12.72%;6.52%;1;3;-6.15;34.59;3;2;2
Technology;Intern;Full-Time;Female;35-44;Often;16.90%;2.33%;9;-6;-1.82;42.16;4;5;9
Technology;Intern;Full-Time;Male;35-44;Always;12.92%;-6.93%;3;6;-2.12;73.98;2;4;9
Manufacturing;Staff;Part-Time;Other;25-34;Occasionally;-5.30%;-27.33%;6;-4.5;-10.41;34.55;2;5;2
Technology;Intern;Part-Time;Female;18-24;Never;13.10%;-27.43%;10;-7.5;-12.75;20.24;2;-2;1
Other;Freelancer;Full-Time;Male;18-24;Always;31.93%;9.19%;10;1.5;-14.97;29.04;1;0;10
Finance;Manager;Full-Time;Other;55+;Never;16.73%;-4.11%;9;-6;-14.33;1.1;10;5;10
Retail;Intern;Full-Time;Male;35-44;Often;24.43%;-4.27%;3;2;-6.88;46.7;2;0;9
Technology;Manager;Part-Time;Male;18-24;Always;6.44%;-10.98%;5;3;-8.53;34.53;6;-1;2
Manufacturing;Staff;Full-Time;Male;18-24;Always;21.25%;-8.60%;5;0;-11.21;66.04;3;-5;8
Other;Manager;Full-Time;Other;45-54;Rarely;14.19%;15.94%;10;1.5;-11.95;33.68;10;-3;3
Finance;Staff;Unemployed;Other;45-54;Often;-4.26%;-10.20%;7;-5;-2.08;38.42;5;1;1
Education;Freelancer;Unemployed;Male;18-24;Often;14.78%;-28.82%;4;4.5;8.78;38.94;1;2;1
Education;Staff;Full-Time;Female;55+;Always;-4.88%;12.87%;4;4.5;-5.11;44.04;8;-4;10
Finance;Staff;Self-Employed;Female;18-24;Often;0.51%;-7.60%;7;2;-5.76;28.05;4;-3;2
Other;Executive;Full-Time;Other;25-34;Always;12.84%;-3.87%;9;-1;-14.35;22.48;9;-2;7
Manufacturing;Intern;Unemployed;Other;35-44;Rarely;14.46%;30.15%;4;5.5;-7.23;19.49;4;5;6
Finance;Intern;Self-Employed;Other;55+;Always;-7.84%;-2.41%;4;-4.5;6.9;39.82;2;-1;2
Retail;Freelancer;Self-Employed;Other;25-34;Often;25.81%;2.78%;6;2.5;5.37;28.52;3;-3;4
Retail;Freelancer;Full-Time;Other;55+;Often;18.58%;-26.58%;6;-4.5;4.68;22.14;5;-1;2
Education;Intern;Unemployed;Female;25-34;Always;-0.57%;-7.89%;7;-3;4.36;32.52;10;2;1
Technology;Executive;Unemployed;Other;35-44;Always;-13.06%;11.69%;1;5;-0.63;50.36;6;2;3
Manufacturing;Intern;Self-Employed;Male;35-44;Always;7.83%;-32.61%;3;-1;-0.99;47.48;7;-4;4
Education;Executive;Full-Time;Male;45-54;Occasionally;3.31%;-0.48%;9;-5;-2.55;31.71;4;0;10
Technology;Freelancer;Part-Time;Female;25-34;Often;11.70%;-0.98%;6;-5.5;-9.17;40.87;7;-2;5
Technology;Manager;Part-Time;Male;45-54;Often;4.55%;-2.17%;6;0.5;-4.16;23.68;10;3;5
Retail;Freelancer;Unemployed;Female;25-34;Occasionally;-20.11%;18.24%;5;0;-2.84;22.05;3;4;7
Other;Freelancer;Part-Time;Female;45-54;Always;4.17%;5.19%;3;5;1.33;43.11;7;-4;10
Healthcare;Staff;Unemployed;Male;35-44;Rarely;5.42%;27.06%;5;-2;-4;14.95;4;2;8
Other;Staff;Unemployed;Other;55+;Always;19.50%;-20.37%;1;2;16.05;41.08;8;-5;9
Healthcare;Staff;Unemployed;Male;45-54;Always;-0.47%;1.22%;3;1;-17.1;27.37;9;5;7
Finance;Staff;Part-Time;Male;25-34;Occasionally;35.18%;-0.31%;4;-1.5;2.54;13.5;7;0;5
Retail;Executive;Unemployed;Female;25-34;Often;-18.67%;-23.89%;5;0;-5.41;42.36;8;5;9
Technology;Intern;Self-Employed;Male;35-44;Always;29.67%;14.13%;10;1.5;-4.98;50.27;8;5;8
Manufacturing;Manager;Full-Time;Female;25-34;Often;6.64%;41.99%;9;3;-13.13;28.69;2;4;10
Healthcare;Freelancer;Full-Time;Other;18-24;Never;22.89%;-2.34%;4;2.5;5.19;4.8;9;-5;9
Other;Executive;Unemployed;Other;55+;Often;11.20%;8.60%;3;-2;1.53;12.92;6;-4;10
Technology;Manager;Full-Time;Other;45-54;Rarely;27.09%;-3.31%;10;-4.5;3.34;43.42;4;-3;8
Healthcare;Executive;Part-Time;Male;55+;Rarely;4.19%;-14.77%;1;6;-3.31;26.11;5;3;6
Healthcare;Executive;Part-Time;Female;35-44;Always;-6.48%;-41.42%;10;-7.5;-8.25;33.92;10;-1;4
Healthcare;Freelancer;Full-Time;Other;45-54;Often;31.31%;-17.12%;6;-2.5;-5.67;31.36;5;4;9
Manufacturing;Intern;Part-Time;Female;45-54;Always;8.30%;-31.34%;7;4;-0.67;20.87;7;4;9
Retail;Staff;Full-Time;Female;18-24;Occasionally;13.32%;29.08%;10;1.5;-25.06;36.2;9;-4;10
Manufacturing;Intern;Full-Time;Other;35-44;Rarely;28.52%;-6.30%;8;2.5;3.73;45;7;4;10
Education;Freelancer;Full-Time;Other;25-34;Always;-5.48%;-7.42%;1;5;19.26;32.17;9;-1;9
Technology;Freelancer;Unemployed;Female;18-24;Occasionally;18.93%;15.78%;4;2.5;-0.2;53.83;4;-1;10
Retail;Freelancer;Full-Time;Other;18-24;Always;1.15%;-24.94%;5;5;-7.81;38.84;10;-5;3
Retail;Manager;Unemployed;Female;55+;Often;8.02%;-16.34%;2;-0.5;-6.61;51.67;10;-3;3
Retail;Intern;Full-Time;Female;55+;Often;11.08%;0.86%;1;3;2.08;38.07;4;-1;6
Other;Intern;Full-Time;Other;55+;Often;-12.50%;16.58%;8;2.5;-7.58;38.06;6;3;6
Retail;Executive;Full-Time;Male;18-24;Often;-1.68%;7.03%;6;-3.5;3.69;53.44;8;4;6
Manufacturing;Executive;Part-Time;Other;25-34;Never;30.27%;2.47%;5;3;-6.74;27.83;9;-5;5
Retail;Executive;Unemployed;Male;45-54;Occasionally;23.29%;-2.94%;9;2;12.14;33.75;1;2;5
Finance;Freelancer;Unemployed;Female;55+;Occasionally;9.06%;7%;2;-0.5;11.87;10.59;1;-5;2
Technology;Intern;Full-Time;Female;25-34;Often;13.65%;-0.97%;10;-6.5;-8.3;19.93;8;3;7
Retail;Freelancer;Full-Time;Male;35-44;Never;5.59%;-24.60%;8;2.5;-5.81;24.59;7;0;4
Technology;Manager;Part-Time;Female;55+;Often;30.35%;-4.08%;10;-3.5;-5.22;49.68;9;-5;3
Finance;Executive;Part-Time;Male;45-54;Never;6.99%;-25.97%;9;-6;-5.09;21.28;3;2;8
Finance;Freelancer;Part-Time;Male;35-44;Often;13.48%;1.12%;1;6;-14.47;29.09;10;-1;4
Technology;Freelancer;Unemployed;Female;35-44;Rarely;27.19%;-13.11%;7;-1;-15.87;6.61;5;1;4
Healthcare;Manager;Unemployed;Male;45-54;Rarely;-1.66%;46.79%;8;3.5;7.5;17.16;3;1;8
Education;Staff;Unemployed;Other;55+;Always;33.38%;-2.30%;3;5;5.9;41.31;5;1;1
Other;Intern;Full-Time;Other;18-24;Often;-12.96%;-30.08%;4;-4.5;5.73;26.44;10;0;9
Healthcare;Staff;Unemployed;Female;45-54;Occasionally;34.44%;-4.18%;3;1;-5.69;20.36;1;5;7
Healthcare;Executive;Self-Employed;Female;45-54;Always;4.41%;6.89%;7;-3;13.92;39.49;4;2;2
Manufacturing;Freelancer;Self-Employed;Male;45-54;Rarely;6.36%;28.97%;9;-5;-5.22;39.48;6;3;6
Other;Manager;Part-Time;Male;35-44;Often;-18.35%;-13.29%;3;-3;3.63;41.85;2;-4;8
Other;Manager;Unemployed;Male;25-34;Always;3.18%;-34.65%;6;0.5;-18.89;42.86;7;1;5
Healthcare;Intern;Self-Employed;Male;18-24;Often;-5.60%;12.34%;8;1.5;-7.3;36.88;8;-4;6
Retail;Staff;Part-Time;Other;55+;Rarely;0.89%;-30.61%;6;-3.5;-6.56;30.51;1;0;10
Manufacturing;Intern;Unemployed;Other;55+;Always;7.94%;-9.72%;2;1.5;-5.65;38.9;4;-4;8
Manufacturing;Freelancer;Full-Time;Female;25-34;Rarely;24.37%;-8.65%;7;2;-18.25;20.89;4;4;6
Finance;Intern;Self-Employed;Male;45-54;Never;13.11%;-2.39%;2;-2.5;2.04;27.38;5;0;9
Other;Manager;Full-Time;Male;18-24;Rarely;14.62%;12.78%;2;2.5;5.29;22.75;4;-4;9
Healthcare;Manager;Unemployed;Female;55+;Often;-6.43%;-14.67%;2;0.5;-12.44;23.11;9;-5;9
Finance;Executive;Self-Employed;Male;55+;Occasionally;-3.21%;-5.97%;1;1;-16.47;44.43;7;1;6
Technology;Executive;Unemployed;Male;45-54;Rarely;36.98%;-0.79%;1;7;-12.69;6.3;2;-3;9
Education;Freelancer;Full-Time;Male;25-34;Occasionally;-1.03%;-0.51%;7;0;-0.05;45.18;1;-2;3
Manufacturing;Staff;Self-Employed;Male;18-24;Never;34.84%;-0.54%;5;3;-10.97;25.06;9;0;5
Technology;Intern;Full-Time;Male;25-34;Always;6.35%;7.22%;3;-1;-6.34;30.31;1;-1;2
Technology;Freelancer;Unemployed;Female;25-34;Always;10.03%;16.38%;1;5;-15.73;40.24;6;-2;8
Retail;Executive;Unemployed;Male;18-24;Occasionally;26.06%;2.85%;10;2.5;14.79;25.71;2;3;4
Education;Intern;Full-Time;Female;18-24;Always;29.08%;6.07%;6;3.5;-4.27;48.08;4;0;6
Technology;Executive;Self-Employed;Male;55+;Rarely;8.34%;-32.14%;1;5;6.5;32.88;6;0;6
Technology;Intern;Full-Time;Other;55+;Occasionally;4.18%;-3.50%;9;-4;-0.07;34.61;5;-4;5
Education;Staff;Unemployed;Other;18-24;Often;9.16%;8.59%;2;-1.5;-5.42;42.46;6;0;1
Education;Freelancer;Full-Time;Other;35-44;Rarely;15.07%;14.08%;1;-2;-5.94;23.85;3;1;7
Technology;Intern;Unemployed;Other;55+;Rarely;23.37%;-17.35%;7;2;-12.25;42.62;5;2;10
Education;Manager;Full-Time;Female;35-44;Rarely;10.06%;-16.18%;6;-4.5;-9.5;37.24;2;2;8
Technology;Manager;Self-Employed;Female;18-24;Often;19.28%;-14.48%;6;-0.5;-15.08;30.23;7;3;1
Technology;Intern;Self-Employed;Male;55+;Never;34.58%;8.23%;5;-1;-16.17;28.11;3;4;10
Retail;Intern;Full-Time;Other;25-34;Always;15.72%;18.68%;4;-0.5;15.86;47.24;1;5;7
Healthcare;Intern;Full-Time;Female;18-24;Occasionally;14.67%;-10.15%;4;-1.5;-2.21;27.4;8;-3;4
Technology;Manager;Self-Employed;Male;45-54;Never;-12.78%;16.66%;3;1;9.66;16.62;8;4;6
Finance;Manager;Unemployed;Male;35-44;Occasionally;-29.46%;-2.53%;10;-3.5;-12.94;42.15;3;1;9
Manufacturing;Intern;Self-Employed;Female;18-24;Always;15.83%;-6.49%;8;3.5;-17.52;39.85;7;1;5
Other;Executive;Unemployed;Other;18-24;Often;8.58%;-7.73%;7;-3;-14.78;37.6;9;-5;8
Healthcare;Executive;Full-Time;Male;55+;Rarely;2.28%;10.43%;9;1;-9.22;39.01;8;2;5
Healthcare;Staff;Full-Time;Other;55+;Rarely;13.65%;6.01%;1;2;-4.64;50.33;3;-2;2
Healthcare;Freelancer;Unemployed;Other;55+;Often;9.09%;42.02%;7;4;-6.51;29.73;2;-1;4
Retail;Executive;Full-Time;Other;45-54;Never;26.92%;-22.04%;10;1.5;-12.73;17.79;10;0;2
Technology;Manager;Unemployed;Male;55+;Never;11.29%;8.36%;4;4.5;-4.12;20.74;7;-3;7
Retail;Executive;Part-Time;Other;18-24;Occasionally;-1.20%;-14.08%;7;3;-3.25;30.97;7;-1;7
Technology;Staff;Self-Employed;Male;55+;Often;24.85%;-17.89%;1;-1;2.02;38.76;9;4;3
Retail;Staff;Part-Time;Other;25-34;Never;6.74%;-2.72%;5;4;9.7;15.1;5;-1;7
Retail;Freelancer;Unemployed;Male;55+;Often;17.90%;1.25%;3;1;-8.64;22.34;4;-5;1
Manufacturing;Executive;Self-Employed;Other;45-54;Always;2.84%;55.86%;5;-5;7.15;57.54;8;-3;1
Finance;Manager;Unemployed;Female;25-34;Rarely;0.25%;-5.68%;4;-0.5;-4.34;31.12;4;-3;9
Retail;Manager;Self-Employed;Other;18-24;Rarely;11.26%;-23.60%;2;5.5;-20.27;20.81;4;-5;6
Manufacturing;Intern;Self-Employed;Other;18-24;Rarely;10.19%;3.46%;4;0.5;12.83;29.37;2;1;5
Education;Manager;Self-Employed;Male;35-44;Often;17.20%;-42.99%;3;6;17.73;53.33;1;-5;6
Finance;Freelancer;Self-Employed;Male;25-34;Often;5.97%;-2.34%;1;4;1.19;27.12;4;1;6
Retail;Freelancer;Unemployed;Other;35-44;Occasionally;-17.55%;-4.68%;10;2.5;-4.1;32.11;7;-2;1
Other;Manager;Self-Employed;Female;25-34;Rarely;3.51%;11.89%;8;1.5;-7.71;11.1;9;3;5
Healthcare;Manager;Self-Employed;Female;25-34;Occasionally;21.91%;16.97%;5;5;-9.64;28.82;9;1;9
Education;Intern;Part-Time;Male;45-54;Rarely;5.54%;-12.07%;4;-2.5;7.11;31.17;10;-1;4
Education;Manager;Full-Time;Female;35-44;Occasionally;6.30%;-8.01%;10;-6.5;-5.17;18.85;1;1;3
Manufacturing;Intern;Full-Time;Other;45-54;Occasionally;24.80%;-17.82%;5;-2;11.74;28.13;5;3;1
Education;Intern;Part-Time;Male;25-34;Always;-0.68%;-24.56%;4;2.5;-4.65;48;7;4;2
Finance;Manager;Part-Time;Other;18-24;Occasionally;-13.14%;4.70%;3;6;-9.12;35.89;7;0;3
Retail;Staff;Unemployed;Male;25-34;Often;7.59%;-27.97%;5;2;-11.01;23.42;10;-5;4
Retail;Staff;Unemployed;Male;45-54;Occasionally;2.74%;-10.29%;4;-2.5;-12.44;33.74;6;0;7
Other;Intern;Unemployed;Male;35-44;Rarely;-4.49%;-20.40%;1;0;0.14;30.59;10;-5;6
Healthcare;Manager;Part-Time;Male;35-44;Occasionally;7.37%;9.49%;3;-2;-17.94;31.08;4;-2;8
Manufacturing;Staff;Part-Time;Female;45-54;Never;17.37%;31.03%;10;1.5;-13.18;30.89;3;2;9
Healthcare;Manager;Self-Employed;Other;35-44;Rarely;9.86%;-31.03%;10;-6.5;8.24;19.11;9;-1;6
Education;Manager;Unemployed;Other;55+;Never;14.60%;-41.06%;8;-3.5;-14.55;24.12;10;-1;7
Other;Manager;Unemployed;Other;18-24;Rarely;37.20%;-6%;7;-1;3.63;13.35;4;4;4
Healthcare;Executive;Unemployed;Male;18-24;Often;4.86%;-0.69%;2;6.5;-25.63;18.99;8;5;2
Finance;Manager;Full-Time;Female;18-24;Often;14.18%;3.87%;1;7;9.5;42.81;1;2;9
Retail;Executive;Self-Employed;Other;35-44;Often;2.36%;-10.43%;3;0;-17.7;35.21;7;2;9
Education;Intern;Unemployed;Female;35-44;Never;-2.70%;-6.51%;5;-3;-13.76;15.37;6;-5;4
Other;Staff;Unemployed;Male;25-34;Always;1.23%;2.35%;10;-6.5;1.8;29.35;1;-1;3
Healthcare;Staff;Unemployed;Other;25-34;Rarely;2.82%;20.31%;1;5;-2.3;33.27;4;-1;10
Manufacturing;Staff;Full-Time;Female;18-24;Often;15.39%;-40.60%;3;-4;3.95;19.92;5;2;6
Finance;Staff;Full-Time;Male;55+;Rarely;45.24%;-8.88%;3;4;-17.78;34.93;8;-5;3
Finance;Staff;Part-Time;Female;25-34;Never;-0.74%;1.78%;5;-5;-7.87;24.51;4;1;1
Healthcare;Staff;Self-Employed;Other;25-34;Always;3.75%;-19.86%;3;2;-11.17;25.42;3;1;4
Retail;Staff;Part-Time;Other;35-44;Never;9.05%;30.12%;9;-2;-16.1;21.26;2;3;1
Healthcare;Intern;Self-Employed;Male;55+;Rarely;15.94%;-13.21%;1;3;0.96;51.54;4;-4;2
Education;Manager;Full-Time;Male;18-24;Always;13.95%;-2.83%;4;-2.5;4.43;51.89;10;-3;3
Healthcare;Freelancer;Unemployed;Male;25-34;Always;29.26%;6.12%;10;-5.5;-8.37;31.72;4;-2;8
Finance;Executive;Part-Time;Female;55+;Never;-26.40%;-16.83%;10;2.5;10.23;27.17;10;-5;10
Other;Freelancer;Unemployed;Female;55+;Often;-25.80%;-38.93%;4;-4.5;-12.86;20.84;5;1;4
Healthcare;Freelancer;Part-Time;Female;18-24;Rarely;2.56%;-9.07%;1;0;9.98;11.29;7;4;4
Retail;Manager;Full-Time;Male;55+;Occasionally;26.46%;19.59%;2;-2.5;0.62;29.33;9;-3;10
Other;Manager;Full-Time;Other;55+;Occasionally;-13.48%;-7.24%;1;6;-17.24;35.52;2;-3;9
Manufacturing;Manager;Full-Time;Other;55+;Never;-35.11%;-19.93%;6;1.5;14.82;28.11;5;-3;7
Technology;Staff;Part-Time;Female;25-34;Rarely;18.57%;17.01%;3;-2;-9.44;33.25;10;2;2
Healthcare;Intern;Self-Employed;Female;18-24;Rarely;13.65%;-10.12%;7;0;7.05;29.95;9;3;3
Retail;Staff;Part-Time;Other;55+;Never;-6.35%;-12.70%;5;1;-3.54;3.86;3;4;4
Other;Intern;Self-Employed;Other;55+;Rarely;-4.78%;-1.51%;9;1;-1.26;24.39;1;-4;4
Retail;Intern;Part-Time;Female;25-34;Often;-4.55%;11.92%;7;-1;4.01;44.69;2;4;10
Manufacturing;Freelancer;Part-Time;Female;18-24;Never;11.66%;45.63%;4;-4.5;3.46;24.43;6;4;8
Finance;Freelancer;Full-Time;Other;35-44;Often;0.61%;14.04%;5;2;-8.42;36.82;5;-5;10
Retail;Intern;Unemployed;Male;25-34;Rarely;17.41%;20.70%;5;-5;0.32;28.29;1;3;10
Other;Intern;Unemployed;Female;18-24;Never;-32.82%;-12.62%;5;-3;-0.43;23.13;1;0;6
Retail;Staff;Self-Employed;Other;55+;Rarely;-2.85%;-25.52%;10;2.5;-2.86;5.35;4;3;3
Retail;Staff;Unemployed;Other;18-24;Never;-6.89%;-3.25%;9;-3;-7.03;31.55;4;0;9
Retail;Freelancer;Part-Time;Other;18-24;Rarely;6.15%;-2.86%;10;-0.5;-2.88;23.89;6;-4;10
Education;Manager;Part-Time;Other;18-24;Often;1.93%;-23.07%;3;4;14.68;42.08;6;-5;8
Education;Intern;Full-Time;Male;35-44;Often;21.97%;-6.51%;6;0.5;-7.95;11.94;10;2;9
Finance;Staff;Full-Time;Other;18-24;Rarely;-17.89%;3.99%;8;1.5;7.07;41.61;6;-3;5
Healthcare;Freelancer;Unemployed;Female;35-44;Never;10.68%;2.71%;9;3;-11.2;8.44;1;-5;3
Retail;Staff;Self-Employed;Male;55+;Occasionally;18.38%;6.59%;7;-4;-13.81;55.41;10;2;4
Manufacturing;Intern;Unemployed;Other;35-44;Often;37.85%;4.32%;3;0;27.76;56.19;9;-5;5
Healthcare;Intern;Unemployed;Male;55+;Often;2.77%;-10.64%;1;6;0.4;21.75;7;2;9
Manufacturing;Executive;Unemployed;Female;55+;Occasionally;14.87%;-12.28%;4;2.5;0.68;38.17;7;-5;9
Healthcare;Manager;Unemployed;Other;35-44;Rarely;-17.06%;-26.98%;6;-5.5;0.95;14.83;7;3;3
Finance;Executive;Part-Time;Female;25-34;Never;-25.88%;34.20%;3;3;9.07;13.61;2;3;7
Retail;Freelancer;Self-Employed;Other;45-54;Rarely;22.67%;-0.23%;1;3;-0.92;18.83;2;3;6
Retail;Staff;Part-Time;Other;18-24;Always;9.92%;-7.50%;6;-5.5;3.16;44.48;6;-3;4
Technology;Freelancer;Self-Employed;Other;45-54;Often;27.68%;-19.08%;1;6;-15.59;38.25;7;-2;5
Manufacturing;Intern;Full-Time;Other;18-24;Always;-10.60%;54.21%;9;2;4.84;27.98;3;-1;10
Healthcare;Executive;Unemployed;Other;18-24;Often;17.80%;-21.97%;1;2;-7.37;39.4;4;0;2
Healthcare;Executive;Part-Time;Male;55+;Often;38.03%;-11.58%;6;-5.5;1.72;32.96;3;3;7
Education;Executive;Self-Employed;Other;18-24;Always;16.30%;7.82%;1;-2;-22.15;21.79;7;5;4
Technology;Freelancer;Full-Time;Other;18-24;Always;14.15%;8.50%;7;-2;1.3;35.66;7;-2;2
Other;Intern;Full-Time;Male;35-44;Rarely;10.13%;17.66%;3;-3;-27.42;41.6;4;0;6
Other;Staff;Unemployed;Male;45-54;Always;-13.56%;33.15%;6;3.5;-7.76;36;7;-5;2
Education;Staff;Self-Employed;Male;35-44;Rarely;30.33%;6.62%;7;-6;-22.06;6.64;5;-4;10
Education;Freelancer;Part-Time;Male;18-24;Rarely;0.84%;-21.62%;1;2;1.33;33.14;1;2;2
Education;Executive;Unemployed;Male;55+;Rarely;17.57%;-5.64%;1;4;-4.31;15.72;10;-2;7
Manufacturing;Manager;Part-Time;Male;35-44;Often;-13.45%;3.66%;5;2;-12.71;37.14;4;4;1
Manufacturing;Freelancer;Full-Time;Other;35-44;Often;-7.69%;38.36%;6;1.5;9.34;33.28;7;1;7
Finance;Freelancer;Part-Time;Other;25-34;Always;31.53%;-32.46%;9;3;-13.97;57.62;2;-2;10
Finance;Intern;Part-Time;Female;18-24;Often;4.79%;23.55%;1;2;-35.31;33.29;2;3;5
Education;Staff;Unemployed;Other;55+;Always;31.80%;1.60%;4;5.5;0.14;28.55;1;3;1
Technology;Freelancer;Part-Time;Other;35-44;Often;8.83%;11.76%;10;-5.5;-22.67;30.31;2;-2;6
Healthcare;Freelancer;Unemployed;Male;35-44;Never;-17.63%;-6.04%;8;-6.5;-13.65;7.71;10;2;7
Manufacturing;Executive;Full-Time;Male;55+;Never;23.38%;-21.85%;10;-6.5;-10.17;17.91;8;0;1
Technology;Executive;Unemployed;Other;18-24;Always;1.15%;10.52%;9;-3;-19.24;57.7;8;-5;9
Retail;Manager;Unemployed;Female;25-34;Often;20.48%;11.59%;3;5;-9.94;47.48;8;1;7
Manufacturing;Intern;NA;Male;35-44;Often;10.38%;18.44%;2;0.5;-19.05;55.41;1;-5;1
Manufacturing;Manager;Part-Time;Other;25-34;Rarely;-13.15%;-2.27%;4;4.5;-3.38;29.79;1;-3;3
Finance;Executive;Full-Time;Other;NA;Occasionally;12.46%;-13%;2;-3.5;-17.29;31.43;10;2;5
Healthcare;Staff;Unemployed;Female;18-24;Always;42.94%;-31.68%;1;-3;-4.7;30.02;4;3;4
Healthcare;Executive;Full-Time;Female;45-54;Occasionally;17.39%;14.89%;3;4;6.62;32.7;6;-3;2
Other;Intern;Self-Employed;Male;45-54;Occasionally;9.14%;4.98%;7;-5;2.82;28.7;8;-5;1
Other;Executive;Part-Time;Female;45-54;Always;26.13%;-19.82%;1;3;-5.82;47.79;2;-5;4
Other;Intern;Unemployed;Other;18-24;Often;13.16%;-11.77%;2;5.5;-14.89;23.78;3;1;7
Other;Intern;Part-Time;Other;18-24;Always;13.14%;-9.84%;1;0;-3.41;40.53;6;-1;4
Retail;Intern;Self-Employed;Female;55+;Occasionally;-6.37%;-33.66%;8;-0.5;-11.96;14.27;10;-5;9
Retail;Intern;Self-Employed;Female;25-34;Often;13.51%;-18.85%;5;2;-2.99;38.38;4;0;8
Manufacturing;Intern;Full-Time;Female;25-34;Never;25.53%;-26.68%;8;-2.5;-22.15;26.76;2;0;8
Education;Staff;Unemployed;Female;55+;Always;-2.54%;-9.75%;3;-4;3.07;23.78;7;-2;5
Finance;Manager;Full-Time;Male;55+;Always;31.37%;-18.27%;7;-3;-4.67;26.6;4;1;1
Finance;Freelancer;Self-Employed;Female;45-54;Often;8.62%;-36.54%;8;2.5;17.09;22.04;8;1;9
Other;Manager;Part-Time;Male;55+;Never;-3.32%;37.45%;6;-3.5;8.06;18.22;8;3;2
Manufacturing;Intern;Full-Time;Other;35-44;Never;24.96%;21.55%;7;3;0.66;6.03;7;-5;6
Technology;Staff;Full-Time;Female;25-34;Often;5.70%;-16.58%;2;0.5;-6.24;48.78;10;-1;10
Education;Executive;Part-Time;Male;55+;Rarely;21.39%;1.45%;8;2.5;-12.3;29.36;9;4;5
Manufacturing;Staff;Full-Time;Female;35-44;Always;5.62%;5.85%;5;4;4.42;45.99;4;-3;10
Education;Intern;Part-Time;Other;35-44;Always;9.10%;20.32%;7;-1;-7.29;24.11;NA;1;8
Education;Staff;Unemployed;Other;35-44;Occasionally;17.40%;-16.87%;1;-2;6.68;42.93;10;-2;3
Education;Staff;Part-Time;Other;35-44;Often;14.36%;19.34%;5;1;-0.99;41.5;10;-2;6
Manufacturing;Intern;Unemployed;Female;45-54;Occasionally;-19.93%;-11.46%;1;-1;-0.92;23.18;1;-5;6
Other;Staff;Part-Time;Female;35-44;Occasionally;-6.82%;-30.72%;8;-6.5;0.95;14.58;4;-5;10
Finance;Freelancer;Self-Employed;Male;45-54;Never;23.94%;12.48%;4;4.5;-14.2;19.24;2;4;3
Finance;Freelancer;Self-Employed;Other;45-54;Always;8.02%;23.82%;4;-2.5;-15.22;35.34;9;-4;7
Other;Staff;Unemployed;Female;35-44;Occasionally;2.14%;50.76%;2;4.5;-15.57;25.75;5;-4;4
Education;Executive;Unemployed;Other;25-34;Never;-10.38%;NA;5;4;5.47;12.95;3;-5;5
Technology;Intern;Self-Employed;Other;35-44;Often;-6.20%;13.48%;1;7;-14.46;42.21;4;2;9
Healthcare;Freelancer;Unemployed;Male;35-44;Occasionally;-20.33%;-12.70%;9;3;-13.21;3.99;6;0;6
Manufacturing;Executive;Part-Time;NA;35-44;Always;8.48%;13.17%;5;0;0.38;54.3;10;0;10
Healthcare;Staff;Part-Time;Male;25-34;Occasionally;1.02%;-32.41%;6;4.5;-7.52;39.98;1;4;4
Other;NA;Self-Employed;Male;18-24;Often;-4.50%;-26.26%;2;1.5;-8.8;NA;7;4;8
Technology;Manager;Full-Time;Other;18-24;Occasionally;8.98%;-20.52%;10;-4.5;-9.67;28.56;8;3;9
Manufacturing;Freelancer;Part-Time;Male;45-54;Always;15.46%;-3.42%;10;-0.5;-28.26;50.83;7;-1;10
